nameseq,A,C,G,T,label
URS000006F838/Thermoanaerobacter,0.37037037037037035,0.1728395061728395,0.2345679012345679,0.2222222222222222,miRNA
URS0000283DEC/Oscillatoriales,0.32989690721649484,0.13402061855670103,0.16494845360824742,0.3711340206185567,miRNA
URS000020C75E/Pseudomonas,0.1935483870967742,0.3064516129032258,0.3548387096774194,0.14516129032258066,miRNA
URS00002CF439/Capnocytophaga,0.29213483146067415,0.20224719101123595,0.24719101123595505,0.25842696629213485,miRNA
URS00002D2BC5/Rhizobium,0.18181818181818182,0.2878787878787879,0.3181818181818182,0.21212121212121213,miRNA
URS0000326346/Prevotella,0.32075471698113206,0.18867924528301888,0.22641509433962265,0.2641509433962264,miRNA
URS00002EE34B/Pseudomonas,0.25,0.2625,0.25,0.2375,miRNA
URS00003B57B0/Rivularia,0.31851851851851853,0.16296296296296298,0.2814814814814815,0.23703703703703705,miRNA
URS000035ED5D/Capnocytophaga,0.4117647058823529,0.20168067226890757,0.15966386554621848,0.226890756302521,miRNA
URS00003E1E75/Capnocytophaga,0.21686746987951808,0.21686746987951808,0.2289156626506024,0.3373493975903614,miRNA
URS00003CFD19/Desulfobacter,0.3392857142857143,0.16071428571428573,0.16071428571428573,0.3392857142857143,miRNA
URS000053415E/Lachnospiraceae,0.3974358974358974,0.21794871794871795,0.19230769230769232,0.19230769230769232,miRNA
URS00003F18A8/Capnocytophaga,0.2840909090909091,0.18181818181818182,0.26136363636363635,0.2727272727272727,miRNA
URS00004159DF/Ralstonia,0.2109375,0.25,0.3125,0.2265625,miRNA
URS000045437B/Prevotella,0.2824858757062147,0.2994350282485876,0.1694915254237288,0.24858757062146894,miRNA
URS000047E949/Prevotella,0.3389830508474576,0.19491525423728814,0.2711864406779661,0.19491525423728814,miRNA
URS00005255A8/Rhizobium,0.2236842105263158,0.25,0.35526315789473684,0.17105263157894737,miRNA
URS000055B57E/Pseudomonas,0.2553191489361702,0.26595744680851063,0.2978723404255319,0.18085106382978725,miRNA
URS000057EBF6/Moorea,0.2553191489361702,0.24468085106382978,0.23404255319148937,0.26595744680851063,miRNA
URS0000655ADD/Frankia,0.14457831325301204,0.3373493975903614,0.3614457831325301,0.1566265060240964,miRNA
URS0000669483/Sorangium,0.12359550561797752,0.33707865168539325,0.3595505617977528,0.1797752808988764,miRNA
URS00005C93BE/Pseudomonas,0.14634146341463414,0.3170731707317073,0.35365853658536583,0.18292682926829268,miRNA
URS0000674681/Streptomyces,0.16666666666666666,0.3333333333333333,0.35714285714285715,0.14285714285714285,miRNA
URS0000609D73/Pseudomonas,0.225,0.3,0.3375,0.1375,miRNA
URS00005684F2/Xanthomonas,0.3333333333333333,0.25287356321839083,0.19540229885057472,0.21839080459770116,miRNA
URS0000613847/Pseudomonas,0.2375,0.2875,0.2625,0.2125,miRNA
URS00006A857B/Sphingomonas,0.10576923076923077,0.4326923076923077,0.3076923076923077,0.15384615384615385,miRNA
URS00007F06D9/Candidatus,0.3333333333333333,0.17543859649122806,0.21052631578947367,0.2807017543859649,miRNA
URS0000ADC386/Curtobacterium,0.16923076923076924,0.4,0.35384615384615387,0.07692307692307693,miRNA
URS0000705BBA/Streptomyces,0.13333333333333333,0.35,0.36666666666666664,0.15,miRNA
URS0000AF0259/Curtobacterium,0.11764705882352941,0.4117647058823529,0.38235294117647056,0.08823529411764706,miRNA
URS0000702B0E/Spirosoma,0.2066115702479339,0.2809917355371901,0.30578512396694213,0.2066115702479339,miRNA
URS000071FD08/Streptomyces,0.1016949152542373,0.3898305084745763,0.4067796610169492,0.1016949152542373,miRNA
URS000080159D/Neochlamydia,0.3010752688172043,0.23655913978494625,0.15053763440860216,0.3118279569892473,miRNA
URS00007E5D41/Parachlamydia,0.3387096774193548,0.20967741935483872,0.1774193548387097,0.27419354838709675,miRNA
URS000080A228/Candidatus,0.3055555555555556,0.1388888888888889,0.19444444444444445,0.3611111111111111,miRNA
URS00007F65E4/Parachlamydia,0.30357142857142855,0.16071428571428573,0.25,0.2857142857142857,miRNA
URS000083257D/Tannerella,0.25806451612903225,0.21935483870967742,0.22580645161290322,0.2967741935483871,miRNA
URS0000B85E65/Sphingomonas,0.25252525252525254,0.26262626262626265,0.2727272727272727,0.21212121212121213,miRNA
URS000080A323/Parachlamydia,0.32727272727272727,0.23636363636363636,0.18181818181818182,0.2545454545454545,miRNA
URS0000820B05/Tannerella,0.2222222222222222,0.1919191919191919,0.20202020202020202,0.3838383838383838,miRNA
URS0000824F6B/Tannerella,0.18787878787878787,0.28484848484848485,0.18787878787878787,0.3393939393939394,miRNA
URS00000FB4B3/Capnocytophaga,0.23958333333333334,0.13541666666666666,0.23958333333333334,0.3854166666666667,miRNA
URS00001D7098/Xenococcus,0.3013698630136986,0.1232876712328767,0.2328767123287671,0.3424657534246575,miRNA
URS000007F1E8/Pantoea,0.2235294117647059,0.32941176470588235,0.27058823529411763,0.17647058823529413,miRNA
URS00001D5617/Candidatus,0.375,0.125,0.125,0.375,miRNA
URS0000D215CF/Chitinophaga,0.3163265306122449,0.12244897959183673,0.1836734693877551,0.37755102040816324,miRNA
URS00002353C5/Pseudomonas,0.2345679012345679,0.2222222222222222,0.2716049382716049,0.2716049382716049,miRNA
URS0000CD6FAC/Chitinophaga,0.3557692307692308,0.15384615384615385,0.17307692307692307,0.3173076923076923,miRNA
URS0000D0BEC8/Pseudomonas,0.30097087378640774,0.24271844660194175,0.23300970873786409,0.22330097087378642,miRNA
URS0000D23776/Spirosoma,0.22580645161290322,0.24731182795698925,0.26881720430107525,0.25806451612903225,miRNA
URS0000E138E8/Stenotrophomonas,0.24096385542168675,0.2289156626506024,0.25301204819277107,0.27710843373493976,miRNA
URS0000CFA823/Pseudomonas,0.2912621359223301,0.2621359223300971,0.20388349514563106,0.24271844660194175,miRNA
URS0000DC2270/Pseudomonas,0.22115384615384615,0.23076923076923078,0.3076923076923077,0.2403846153846154,miRNA
URS0000E15330/Stenotrophomonas,0.21739130434782608,0.25,0.2826086956521739,0.25,miRNA
URS0000DE9C8B/Pseudomonas,0.15384615384615385,0.32051282051282054,0.32051282051282054,0.20512820512820512,miRNA
URS0000E17B49/Stenotrophomonas,0.25,0.2261904761904762,0.2619047619047619,0.2619047619047619,miRNA
URS0000DEAA98/Pseudomonas,0.2808988764044944,0.2808988764044944,0.23595505617977527,0.20224719101123595,miRNA
URS0000E26647/Stenotrophomonas,0.23170731707317074,0.21951219512195122,0.25609756097560976,0.2926829268292683,miRNA
URS0000E276B4/Thiocapsa,0.27906976744186046,0.23255813953488372,0.22093023255813954,0.26744186046511625,miRNA
URS0000E343A9/Stenotrophomonas,0.2891566265060241,0.24096385542168675,0.25301204819277107,0.21686746987951808,miRNA
URS0000E436D3/Eilatimonas,0.22916666666666666,0.22916666666666666,0.20833333333333334,0.3333333333333333,miRNA
URS0000EE4968/Labrenzia,0.20430107526881722,0.11827956989247312,0.34408602150537637,0.3333333333333333,miRNA
URS0000EC949F/Tepidamorphus,0.21875,0.15625,0.3229166666666667,0.3020833333333333,miRNA
URS0000ECB7FB/Anoxybacillus,0.30612244897959184,0.14285714285714285,0.20408163265306123,0.3469387755102041,miRNA
URS0000ECCD21/Larkinella,0.33695652173913043,0.17391304347826086,0.17391304347826086,0.31521739130434784,miRNA
URS00010C75D7/Sinorhizobium,0.22916666666666666,0.16666666666666666,0.3229166666666667,0.28125,miRNA
URS00012E0807/Stenotrophomonas,0.2553191489361702,0.24468085106382978,0.26595744680851063,0.23404255319148937,miRNA
URS0000EE636E/Stenotrophomonas,0.2736842105263158,0.23157894736842105,0.23157894736842105,0.2631578947368421,miRNA
URS0001535F0D/Chitinophaga,0.367816091954023,0.1724137931034483,0.20689655172413793,0.25287356321839083,miRNA
URS0000EE6B72/Stenotrophomonas,0.25842696629213485,0.2247191011235955,0.23595505617977527,0.2808988764044944,miRNA
URS0000EE9049/Stenotrophomonas,0.23529411764705882,0.24705882352941178,0.25882352941176473,0.25882352941176473,miRNA
URS0000F02773/Pseudomonas,0.25,0.2717391304347826,0.25,0.22826086956521738,miRNA
URS0001DBD379/Novosphingobium,0.13953488372093023,0.3488372093023256,0.3372093023255814,0.1744186046511628,miRNA
URS000160FDB3/Pseudomonas,0.2549019607843137,0.23529411764705882,0.22549019607843138,0.28431372549019607,miRNA
URS0001FF58A2/Novosphingobium,0.12941176470588237,0.32941176470588235,0.3176470588235294,0.2235294117647059,miRNA
URS0001F4F4DB/Novosphingobium,0.16279069767441862,0.313953488372093,0.3953488372093023,0.12790697674418605,miRNA
URS000218B35A/Confluentimicrobium,0.29411764705882354,0.2647058823529412,0.20588235294117646,0.23529411764705882,miRNA
URS00021A486D/Sphingomonas,0.14473684210526316,0.42105263157894735,0.32894736842105265,0.10526315789473684,miRNA
URS00021ACA95/Novosphingobium,0.18478260869565216,0.29347826086956524,0.358695652173913,0.16304347826086957,miRNA
URS00021ADE18/Halomonas,0.14457831325301204,0.30120481927710846,0.3614457831325301,0.1927710843373494,miRNA
URS00021AE063/Rhizobium,0.12222222222222222,0.3333333333333333,0.3333333333333333,0.2111111111111111,miRNA
URS00021C081C/Dyella,0.1978021978021978,0.32967032967032966,0.34065934065934067,0.13186813186813187,miRNA
URS00021C0B9D/Methylorubrum,0.1728395061728395,0.37037037037037035,0.32098765432098764,0.13580246913580246,miRNA
URS00021C22EE/Paeniglutamicibacter,0.12658227848101267,0.35443037974683544,0.379746835443038,0.13924050632911392,miRNA
URS000218D91A/Pseudomonas,0.21238938053097345,0.30973451327433627,0.3008849557522124,0.17699115044247787,miRNA
URS00021B005B/Sphingosinicella,0.17391304347826086,0.40217391304347827,0.30434782608695654,0.11956521739130435,miRNA
URS00021B028A/Sphingomonas,0.1566265060240964,0.30120481927710846,0.3132530120481928,0.2289156626506024,miRNA
URS000218FD5C/Sphingomonas,0.13043478260869565,0.32608695652173914,0.3804347826086957,0.16304347826086957,miRNA
URS00021B14C0/Sphingomonas,0.1415929203539823,0.3274336283185841,0.3274336283185841,0.20353982300884957,miRNA
URS00021B16B1/Dyella,0.12087912087912088,0.3076923076923077,0.34065934065934067,0.23076923076923078,miRNA
URS00021B2778/Sphingomonas,0.13186813186813187,0.3516483516483517,0.3516483516483517,0.16483516483516483,miRNA
URS00021B3E92/Rhizobium,0.1724137931034483,0.3793103448275862,0.28735632183908044,0.16091954022988506,miRNA
URS00021B4EC1/Streptosporangium,0.14,0.36,0.36,0.14,miRNA
URS00021B611A/Sphingomonas,0.16666666666666666,0.3333333333333333,0.3235294117647059,0.17647058823529413,miRNA
URS00021B6483/Sphingomonas,0.1388888888888889,0.35185185185185186,0.37037037037037035,0.1388888888888889,miRNA
URS00021C79A6/Sphingomonas,0.1686746987951807,0.3253012048192771,0.3253012048192771,0.18072289156626506,miRNA
URS00021952B3/Sphingobium,0.16483516483516483,0.34065934065934067,0.2857142857142857,0.2087912087912088,miRNA
URS00021B66A2/Dyella,0.12121212121212122,0.31313131313131315,0.32323232323232326,0.24242424242424243,miRNA
URS00021B68BF/Sphingopyxis,0.12037037037037036,0.35185185185185186,0.37962962962962965,0.14814814814814814,miRNA
URS00021B8FBC/Sphingomonas,0.11627906976744186,0.3372093023255814,0.38372093023255816,0.16279069767441862,miRNA
URS00021B9845/Sphingopyxis,0.12643678160919541,0.39080459770114945,0.367816091954023,0.11494252873563218,miRNA
URS0002195B74/Bradyrhizobium,0.17582417582417584,0.31868131868131866,0.34065934065934067,0.16483516483516483,miRNA
URS00021BA1BB/Sphingomonas,0.15384615384615385,0.3557692307692308,0.3269230769230769,0.16346153846153846,miRNA
URS00021BC98A/Rhizobium,0.13953488372093023,0.37209302325581395,0.32558139534883723,0.16279069767441862,miRNA
URS00021CA378/Rhizobium,0.14285714285714285,0.3626373626373626,0.3516483516483517,0.14285714285714285,miRNA
URS0002195DD5/Rhizobium,0.13793103448275862,0.3218390804597701,0.3448275862068966,0.19540229885057472,miRNA
URS000219697A/Sphingopyxis,0.1262135922330097,0.34951456310679613,0.36893203883495146,0.1553398058252427,miRNA
URS00021971AB/Sphingomonas,0.1927710843373494,0.30120481927710846,0.30120481927710846,0.20481927710843373,miRNA
URS000219908E/Bradyrhizobium,0.15789473684210525,0.3473684210526316,0.3368421052631579,0.15789473684210525,miRNA
URS000219BB56/Sphingomonas,0.1565217391304348,0.33043478260869563,0.3391304347826087,0.17391304347826086,miRNA
URS000219BD1C/Devosia,0.1937984496124031,0.3798449612403101,0.29457364341085274,0.13178294573643412,miRNA
URS000219D115/Rubricella,0.13636363636363635,0.3522727272727273,0.3522727272727273,0.1590909090909091,miRNA
URS00021BEF43/Xanthomonas,0.14444444444444443,0.35555555555555557,0.3888888888888889,0.1111111111111111,miRNA
URS00021DCE9E/Novosphingobium,0.12790697674418605,0.37209302325581395,0.3488372093023256,0.1511627906976744,miRNA
URS00021DE097/Rhizobium,0.12790697674418605,0.37209302325581395,0.313953488372093,0.18604651162790697,miRNA
URS00021DF2C3/Sphingobium,0.18478260869565216,0.33695652173913043,0.2717391304347826,0.20652173913043478,miRNA
URS00021E00E1/Sphingomonas,0.11956521739130435,0.391304347826087,0.2826086956521739,0.20652173913043478,miRNA
URS00021E2097/Sphingomonas,0.18493150684931506,0.3424657534246575,0.3493150684931507,0.1232876712328767,miRNA
URS00021E34FA/Dyella,0.18181818181818182,0.32323232323232326,0.3333333333333333,0.16161616161616163,miRNA
URS00021E4017/Sphingomonas,0.11827956989247312,0.3118279569892473,0.3763440860215054,0.1935483870967742,miRNA
URS00021E7827/Sinorhizobium,0.1511627906976744,0.3488372093023256,0.38372093023255816,0.11627906976744186,miRNA
URS00021E7C42/Leifsonia,0.13793103448275862,0.3333333333333333,0.3563218390804598,0.1724137931034483,miRNA
URS00021E7D75/Ramlibacter,0.10752688172043011,0.3870967741935484,0.3333333333333333,0.17204301075268819,miRNA
URS00021E8A2E/Rhizobium,0.16049382716049382,0.3395061728395062,0.25308641975308643,0.24691358024691357,miRNA
URS00021E9E89/Rhizobium,0.16470588235294117,0.3411764705882353,0.29411764705882354,0.2,miRNA
URS00021EA82C/Sphingomonas,0.13186813186813187,0.34065934065934067,0.34065934065934067,0.18681318681318682,miRNA
URS00021EB2DF/Sphingomonas,0.128,0.376,0.336,0.16,miRNA
URS00021EC435/Sphingomonas,0.1511627906976744,0.32558139534883723,0.32558139534883723,0.19767441860465115,miRNA
URS00021ED718/Nocardioides,0.14473684210526316,0.34210526315789475,0.40789473684210525,0.10526315789473684,miRNA
URS00021CAED6/Ramlibacter,0.1717171717171717,0.3333333333333333,0.31313131313131315,0.18181818181818182,miRNA
URS00021CC5A8/Promicromonospora,0.17073170731707318,0.35365853658536583,0.34146341463414637,0.13414634146341464,miRNA
URS00021CD877/Sphingopyxis,0.13333333333333333,0.36666666666666664,0.3888888888888889,0.1111111111111111,miRNA
URS00021CDB84/Rhizobium,0.20588235294117646,0.27205882352941174,0.3161764705882353,0.20588235294117646,miRNA
URS00021CFF01/Rhodanobacter,0.18446601941747573,0.3106796116504854,0.3300970873786408,0.17475728155339806,miRNA
URS00021D099D/Novosphingobium,0.1827956989247312,0.3118279569892473,0.2903225806451613,0.21505376344086022,miRNA
URS00021D0FA1/Saccharopolyspora,0.14102564102564102,0.358974358974359,0.38461538461538464,0.11538461538461539,miRNA
URS00021D2357/Sphingopyxis,0.13333333333333333,0.36666666666666664,0.32222222222222224,0.17777777777777778,miRNA
URS00021D2B8A/Sphingomonas,0.13043478260869565,0.3804347826086957,0.358695652173913,0.13043478260869565,miRNA
URS00021D6B8B/Sphingomonas,0.12931034482758622,0.3620689655172414,0.3620689655172414,0.14655172413793102,miRNA
URS00021D6D8F/Sphingopyxis,0.18446601941747573,0.3883495145631068,0.3300970873786408,0.0970873786407767,miRNA
URS00021D7C5A/Pseudomonas,0.24050632911392406,0.27848101265822783,0.26582278481012656,0.21518987341772153,miRNA
URS00021D85A8/Sphingomonas,0.18072289156626506,0.3253012048192771,0.2891566265060241,0.20481927710843373,miRNA
URS00021D98EB/Rhizobium,0.16853932584269662,0.34831460674157305,0.29213483146067415,0.19101123595505617,miRNA
URS000221E152/Rhizobium,0.12790697674418605,0.3953488372093023,0.3372093023255814,0.13953488372093023,miRNA
URS000225BA46/Rhizobium,0.1411764705882353,0.3176470588235294,0.35294117647058826,0.18823529411764706,miRNA
URS000219D7DD/Sphingomonas,0.15126050420168066,0.35294117647058826,0.31932773109243695,0.17647058823529413,miRNA
URS000219EDEB/Dyella,0.13829787234042554,0.32978723404255317,0.32978723404255317,0.20212765957446807,miRNA
URS000219F00F/Sphingobium,0.2702702702702703,0.26126126126126126,0.26126126126126126,0.2072072072072072,miRNA
URS00021A1A17/Hymenobacter,0.22093023255813954,0.2558139534883721,0.26744186046511625,0.2558139534883721,miRNA
URS0000AD0CAB/Curtobacterium,0.1111111111111111,0.4166666666666667,0.3888888888888889,0.08333333333333333,miRNA
URS0000AD8572/Curtobacterium,0.13043478260869565,0.42028985507246375,0.34782608695652173,0.10144927536231885,miRNA
URS0000ADA90B/Curtobacterium,0.12903225806451613,0.3225806451612903,0.3870967741935484,0.16129032258064516,miRNA
URS0000B09249/Thalassospira,0.2872340425531915,0.19148936170212766,0.2553191489361702,0.26595744680851063,miRNA
URS0000AEF26D/Curtobacterium,0.17307692307692307,0.34615384615384615,0.34615384615384615,0.1346153846153846,miRNA
URS0000AF3711/Curtobacterium,0.06593406593406594,0.37362637362637363,0.4065934065934066,0.15384615384615385,miRNA
URS0000B9E3E5/Sphingomonas,0.1415929203539823,0.3185840707964602,0.37168141592920356,0.168141592920354,miRNA
URS0000BFABB8/Sphingomonas,0.14736842105263157,0.35789473684210527,0.37894736842105264,0.11578947368421053,miRNA
URS0000BE3947/Sphingomonas,0.1326530612244898,0.35714285714285715,0.37755102040816324,0.1326530612244898,miRNA
URS0000BE3DBA/Knoellia,0.14754098360655737,0.36065573770491804,0.3442622950819672,0.14754098360655737,miRNA
URS0000BFBA6A/Sphingomonas,0.10576923076923077,0.375,0.3557692307692308,0.16346153846153846,miRNA
URS0000BEEE25/Streptomyces,0.11363636363636363,0.38636363636363635,0.4090909090909091,0.09090909090909091,miRNA
URS0000BFF544/Sphingopyxis,0.12222222222222222,0.36666666666666664,0.36666666666666664,0.14444444444444443,miRNA
URS0000BEFA40/Actinobacteria,0.10416666666666667,0.375,0.375,0.14583333333333334,miRNA
URS0000C005BC/Curtobacterium,0.1794871794871795,0.34615384615384615,0.34615384615384615,0.1282051282051282,miRNA
URS0000C2CD2C/Bifidobacterium,0.19166666666666668,0.325,0.26666666666666666,0.21666666666666667,miRNA
URS0000BF2E51/Desulfuromonas,0.24096385542168675,0.2891566265060241,0.2891566265060241,0.18072289156626506,miRNA
URS0000C6B4F5/Curtobacterium,0.125,0.359375,0.375,0.140625,miRNA
URS0000BF8A17/Desulfovibrio,0.1724137931034483,0.3620689655172414,0.3448275862068966,0.1206896551724138,miRNA
URS0000BFA659/Sphingomonas,0.14,0.39,0.34,0.13,miRNA
URS0000CB7746/Saccharopolyspora,0.21348314606741572,0.29213483146067415,0.29213483146067415,0.20224719101123595,miRNA
URS0000CE1A77/Mucilaginibacter,0.20408163265306123,0.19387755102040816,0.29591836734693877,0.30612244897959184,miRNA
URS0000D45CA5/Acidovorax,0.25,0.2717391304347826,0.25,0.22826086956521738,miRNA
URS0000D4B902/Pseudomonas,0.2653061224489796,0.24489795918367346,0.24489795918367346,0.24489795918367346,miRNA
URS0000D539FD/Flagellimonas,0.22727272727272727,0.22727272727272727,0.3181818181818182,0.22727272727272727,miRNA
URS0000CEA93F/Pseudaminobacter,0.22916666666666666,0.15625,0.3333333333333333,0.28125,miRNA
URS0000CF5A1B/Chitinophaga,0.3404255319148936,0.1595744680851064,0.1595744680851064,0.3404255319148936,miRNA
URS0000D506AC/Flagellimonas,0.2857142857142857,0.23809523809523808,0.19047619047619047,0.2857142857142857,miRNA
URS0000D515D4/Flagellimonas,0.2727272727272727,0.18181818181818182,0.2727272727272727,0.2727272727272727,miRNA
URS0000D53B17/Flagellimonas,0.09523809523809523,0.3333333333333333,0.19047619047619047,0.38095238095238093,miRNA
URS0000DC582B/Ensifer,0.20202020202020202,0.15151515151515152,0.3333333333333333,0.31313131313131315,miRNA
URS0000D78169/Hymenobacter,0.21212121212121213,0.3484848484848485,0.2878787878787879,0.15151515151515152,miRNA
URS0000DF2CCB/Ensifer,0.1827956989247312,0.16129032258064516,0.34408602150537637,0.3118279569892473,miRNA
URS0000DF41E9/Pseudomonas,0.26804123711340205,0.24742268041237114,0.20618556701030927,0.27835051546391754,miRNA
URS0000DD056E/Olleya,0.3,0.175,0.15,0.375,miRNA
URS0000DD7402/Pseudomonas,0.3010752688172043,0.23655913978494625,0.20430107526881722,0.25806451612903225,miRNA
URS0000DD7972/Pseudomonas,0.14102564102564102,0.2948717948717949,0.3717948717948718,0.19230769230769232,miRNA
URS0000DDDB9C/Pseudomonas,0.30927835051546393,0.23711340206185566,0.25773195876288657,0.1958762886597938,miRNA
URS0000E2C310/Otariodibacter,0.19540229885057472,0.19540229885057472,0.27586206896551724,0.3333333333333333,miRNA
URS0000E2CCA8/Stenotrophomonas,0.23170731707317074,0.23170731707317074,0.2804878048780488,0.25609756097560976,miRNA
URS0000DE2144/Pseudomonas,0.25,0.25,0.25,0.25,miRNA
URS0000DE7374/Pseudomonas,0.24489795918367346,0.23469387755102042,0.24489795918367346,0.2755102040816326,miRNA
URS0000E429A5/Thiocapsa,0.2727272727272727,0.22727272727272727,0.20454545454545456,0.29545454545454547,miRNA
URS0000E4BB21/Stenotrophomonas,0.21739130434782608,0.2608695652173913,0.2608695652173913,0.2608695652173913,miRNA
URS0000E4EFDA/Stappia,0.20833333333333334,0.20833333333333334,0.3333333333333333,0.25,miRNA
URS0000E5D664/Stenotrophomonas,0.23404255319148937,0.2553191489361702,0.2872340425531915,0.22340425531914893,miRNA
URS0000D7C8DE/Brevundimonas,0.1566265060240964,0.3132530120481928,0.3493975903614458,0.18072289156626506,miRNA
URS0000D7E1AA/Streptomyces,0.09523809523809523,0.40476190476190477,0.42857142857142855,0.07142857142857142,miRNA
URS0000D81E15/Massilia,0.14583333333333334,0.34375,0.3229166666666667,0.1875,miRNA
URS0000D845F5/Streptomyces,0.08888888888888889,0.4,0.4,0.1111111111111111,miRNA
URS0000D8E4B4/Jiangella,0.17647058823529413,0.27058823529411763,0.35294117647058826,0.2,miRNA
URS0000D8EE36/Massilia,0.14583333333333334,0.3645833333333333,0.3229166666666667,0.16666666666666666,miRNA
URS0000D8F021/Frankia,0.09523809523809523,0.42857142857142855,0.40476190476190477,0.07142857142857142,miRNA
URS0000D91E04/Streptomyces,0.09302325581395349,0.4069767441860465,0.37209302325581395,0.12790697674418605,miRNA
URS0000D96D3E/Massilia,0.1411764705882353,0.36470588235294116,0.3411764705882353,0.15294117647058825,miRNA
URS0000D97C78/Curtobacterium,0.13636363636363635,0.3484848484848485,0.3484848484848485,0.16666666666666666,miRNA
URS0000D9DBA2/Propionibacteriaceae,0.10588235294117647,0.35294117647058826,0.4,0.1411764705882353,miRNA
URS0000DA09F0/Streptomyces,0.1566265060240964,0.3373493975903614,0.37349397590361444,0.13253012048192772,miRNA
URS0000DA17D4/Massilia,0.15625,0.3645833333333333,0.3125,0.16666666666666666,miRNA
URS0000DAA1C0/Arthrobacter,0.1276595744680851,0.3404255319148936,0.3404255319148936,0.19148936170212766,miRNA
URS0000DB1C83/Tsukamurella,0.16666666666666666,0.32051282051282054,0.3717948717948718,0.14102564102564102,miRNA
nameseq,A,C,G,T,label
URS00006267D0/Sphingomonas,0.16304347826086957,0.3695652173913043,0.30434782608695654,0.16304347826086957,pre_miRNA
URS000062767A/Oceanicaulis,0.22429906542056074,0.27102803738317754,0.3177570093457944,0.18691588785046728,pre_miRNA
URS0000628C6D/Streptomyces,0.0945945945945946,0.32432432432432434,0.35135135135135137,0.22972972972972974,pre_miRNA
URS0000641C54/Sphingomonas,0.18085106382978725,0.30851063829787234,0.3723404255319149,0.13829787234042554,pre_miRNA
URS000064442F/Orientia,0.35148514851485146,0.1485148514851485,0.15346534653465346,0.3465346534653465,pre_miRNA
URS0000644F33/Deinococcus,0.06382978723404255,0.40425531914893614,0.425531914893617,0.10638297872340426,pre_miRNA
URS0000659E8A/Sphingomonas,0.19230769230769232,0.3269230769230769,0.36538461538461536,0.11538461538461539,pre_miRNA
URS000065AB21/Spirosoma,0.2,0.3217391304347826,0.2956521739130435,0.1826086956521739,pre_miRNA
URS0000664CD3/Spirosoma,0.20909090909090908,0.2909090909090909,0.2909090909090909,0.20909090909090908,pre_miRNA
URS000066A14B/Spirosoma,0.18947368421052632,0.28421052631578947,0.29473684210526313,0.23157894736842105,pre_miRNA
URS0000671A39/Sphingomonas,0.19130434782608696,0.3217391304347826,0.3826086956521739,0.10434782608695652,pre_miRNA
URS0000678D93/Amycolatopsis,0.08860759493670886,0.4177215189873418,0.34177215189873417,0.1518987341772152,pre_miRNA
URS0000626327/Pseudomonas,0.15730337078651685,0.33707865168539325,0.3258426966292135,0.1797752808988764,pre_miRNA
URS00006F9B91/Streptomyces,0.19672131147540983,0.2786885245901639,0.29508196721311475,0.22950819672131148,pre_miRNA
URS000068AB10/Sphingomonas,0.1651376146788991,0.3211009174311927,0.3944954128440367,0.11926605504587157,pre_miRNA
URS00006905AC/Sphingomonas,0.125,0.38461538461538464,0.36538461538461536,0.125,pre_miRNA
URS0000693689/Sphingomonas,0.18269230769230768,0.40384615384615385,0.2980769230769231,0.11538461538461539,pre_miRNA
URS0000694075/Isoptericola,0.10714285714285714,0.36904761904761907,0.36904761904761907,0.15476190476190477,pre_miRNA
URS00006AAA9E/[Cellvibrio],0.14102564102564102,0.3974358974358974,0.3333333333333333,0.1282051282051282,pre_miRNA
URS00006C0954/Desulfovibrio,0.10101010101010101,0.31313131313131315,0.42424242424242425,0.16161616161616163,pre_miRNA
URS00006C2D07/Sphingomonas,0.13333333333333333,0.3142857142857143,0.3619047619047619,0.19047619047619047,pre_miRNA
URS00006C424C/Janibacter,0.25,0.2840909090909091,0.25,0.2159090909090909,pre_miRNA
URS0000ABE4C9/Alicyclobacillus,0.23958333333333334,0.15625,0.2708333333333333,0.3333333333333333,pre_miRNA
URS00006CE428/Ktedonobacter,0.21428571428571427,0.2619047619047619,0.2976190476190476,0.2261904761904762,pre_miRNA
URS0000AEF85E/Eubacterium,0.1935483870967742,0.21505376344086022,0.26881720430107525,0.3225806451612903,pre_miRNA
URS00006CB858/Streptomyces,0.10465116279069768,0.32558139534883723,0.37209302325581395,0.19767441860465115,pre_miRNA
URS0000B04871/Nitrosomonas,0.17708333333333334,0.17708333333333334,0.3125,0.3333333333333333,pre_miRNA
URS00006E654D/Sphingomonas,0.168141592920354,0.3185840707964602,0.3805309734513274,0.13274336283185842,pre_miRNA
URS00006F7857/Sphingomonas,0.12903225806451613,0.34408602150537637,0.3763440860215054,0.15053763440860216,pre_miRNA
URS00006FF92D/Syntrophobotulus,0.3157894736842105,0.15789473684210525,0.17105263157894737,0.35526315789473684,pre_miRNA
URS000070118B/Desulfovibrio,0.37142857142857144,0.21428571428571427,0.2,0.21428571428571427,pre_miRNA
URS0000708DA4/Clostridium,0.23863636363636365,0.25,0.25,0.26136363636363635,pre_miRNA
URS0000702BED/Sphingomonas,0.18627450980392157,0.30392156862745096,0.4117647058823529,0.09803921568627451,pre_miRNA
URS0000710BFC/Desulfitobacterium,0.2972972972972973,0.22972972972972974,0.21621621621621623,0.25675675675675674,pre_miRNA
URS000070E1D1/Streptomyces,0.1728395061728395,0.35802469135802467,0.32098765432098764,0.14814814814814814,pre_miRNA
URS0000711607/Sphingomonas,0.13793103448275862,0.31896551724137934,0.39655172413793105,0.14655172413793102,pre_miRNA
URS00007200E3/Sphingomonas,0.13861386138613863,0.38613861386138615,0.33663366336633666,0.13861386138613863,pre_miRNA
URS0000B2061E/Aeromonas,0.1875,0.1875,0.2604166666666667,0.3645833333333333,pre_miRNA
URS0000B87145/Azospirillum,0.17708333333333334,0.1875,0.3541666666666667,0.28125,pre_miRNA
URS000064D943/Hoeflea,0.1978021978021978,0.2857142857142857,0.37362637362637363,0.14285714285714285,pre_miRNA
URS000085DF8E/Thiomonas,0.14583333333333334,0.1875,0.34375,0.3229166666666667,pre_miRNA
URS0000EE0D8E/Methylosinus,0.2111111111111111,0.16666666666666666,0.35555555555555557,0.26666666666666666,pre_miRNA
URS0000EE5BFD/Rhizobium,0.16666666666666666,0.19791666666666666,0.3229166666666667,0.3125,pre_miRNA
URS000168884C/Bradyrhizobium,0.15625,0.16666666666666666,0.3854166666666667,0.2916666666666667,pre_miRNA
URS00019CAB74/Hoeflea,0.1839080459770115,0.3218390804597701,0.3218390804597701,0.1724137931034483,pre_miRNA
URS00019D3619/Paenibacillus,0.19791666666666666,0.16666666666666666,0.3020833333333333,0.3333333333333333,pre_miRNA
URS0001D405D3/Novosphingobium,0.13333333333333333,0.3333333333333333,0.36666666666666664,0.16666666666666666,pre_miRNA
URS0001D59180/Novosphingobium,0.16279069767441862,0.36046511627906974,0.3488372093023256,0.12790697674418605,pre_miRNA
URS0001D83F4C/Novosphingobium,0.15730337078651685,0.33707865168539325,0.3258426966292135,0.1797752808988764,pre_miRNA
URS0001EE224C/Mucilaginibacter,0.32432432432432434,0.12162162162162163,0.20270270270270271,0.35135135135135137,pre_miRNA
URS0001FAD0CE/Novosphingobium,0.18181818181818182,0.3409090909090909,0.3181818181818182,0.1590909090909091,pre_miRNA
URS00020B3722/Rhizobacter,0.1917808219178082,0.3150684931506849,0.3150684931506849,0.1780821917808219,pre_miRNA
URS000218FA5D/Geodermatophilus,0.15294117647058825,0.3764705882352941,0.35294117647058826,0.11764705882352941,pre_miRNA
URS0002191314/Nocardioides,0.16853932584269662,0.3707865168539326,0.29213483146067415,0.16853932584269662,pre_miRNA
URS00021A5510/Sphingomonas,0.15294117647058825,0.32941176470588235,0.38823529411764707,0.12941176470588237,pre_miRNA
URS00021B3E0C/Burkholderia,0.15625,0.17708333333333334,0.3333333333333333,0.3333333333333333,pre_miRNA
URS00021B574C/Sphingopyxis,0.1348314606741573,0.3707865168539326,0.39325842696629215,0.10112359550561797,pre_miRNA
URS00021B6D5D/Frigoribacterium,0.11538461538461539,0.41025641025641024,0.3333333333333333,0.14102564102564102,pre_miRNA
URS00021BBCF7/Sphingomonas,0.1794871794871795,0.358974358974359,0.3418803418803419,0.11965811965811966,pre_miRNA
URS00021C4435/Sphingopyxis,0.12222222222222222,0.3888888888888889,0.34444444444444444,0.14444444444444443,pre_miRNA
URS00021C6515/Sphingomonas,0.14782608695652175,0.391304347826087,0.33043478260869563,0.13043478260869565,pre_miRNA
URS00021CDBAD/Sphingopyxis,0.1262135922330097,0.34951456310679613,0.3592233009708738,0.1650485436893204,pre_miRNA
URS00021D0566/Allostreptomyces,0.14285714285714285,0.3333333333333333,0.40476190476190477,0.11904761904761904,pre_miRNA
URS00021D1193/Longimicrobium,0.17045454545454544,0.3409090909090909,0.3409090909090909,0.14772727272727273,pre_miRNA
URS00021D67C7/Microbacterium,0.17391304347826086,0.34782608695652173,0.34782608695652173,0.13043478260869565,pre_miRNA
URS00021DCD2B/Frigoribacterium,0.11627906976744186,0.4069767441860465,0.37209302325581395,0.10465116279069768,pre_miRNA
URS00021DD87A/Arthrobacter,0.11627906976744186,0.3372093023255814,0.38372093023255816,0.16279069767441862,pre_miRNA
URS00021E8BB2/Spinactinospora,0.10810810810810811,0.4189189189189189,0.35135135135135137,0.12162162162162163,pre_miRNA
URS00021EA957/Geodermatophilus,0.14942528735632185,0.3333333333333333,0.41379310344827586,0.10344827586206896,pre_miRNA
URS00021EBBE3/Streptomyces,0.16901408450704225,0.3380281690140845,0.3380281690140845,0.15492957746478872,pre_miRNA
URS0002272977/Streptomyces,0.11764705882352941,0.32941176470588235,0.3764705882352941,0.17647058823529413,pre_miRNA
URS0000AD9947/Acetitomaculum,0.20430107526881722,0.16129032258064516,0.3010752688172043,0.3333333333333333,pre_miRNA
URS0000ADE622/Ruminococcus,0.17708333333333334,0.15625,0.3020833333333333,0.3645833333333333,pre_miRNA
URS0000AE3423/Pseudobutyrivibrio,0.16666666666666666,0.2,0.28888888888888886,0.34444444444444444,pre_miRNA
URS0000AEAAAF/Paenibacillus,0.15625,0.16666666666666666,0.3333333333333333,0.34375,pre_miRNA
URS0000AF2612/Pseudobutyrivibrio,0.15625,0.17708333333333334,0.3020833333333333,0.3645833333333333,pre_miRNA
URS0000B0EDE3/Azotobacter,0.15555555555555556,0.18888888888888888,0.34444444444444444,0.3111111111111111,pre_miRNA
URS0000B20B4E/Paracoccus,0.16666666666666666,0.20833333333333334,0.3333333333333333,0.2916666666666667,pre_miRNA
URS0000BE12C5/Actinobacteria,0.10416666666666667,0.375,0.3958333333333333,0.125,pre_miRNA
URS0000BE1525/Streptomyces,0.16,0.30666666666666664,0.32,0.21333333333333335,pre_miRNA
URS0000BE1B66/Sphingomonas,0.11,0.42,0.34,0.13,pre_miRNA
URS0000BE2761/Actinoplanes,0.11904761904761904,0.40476190476190477,0.32142857142857145,0.15476190476190477,pre_miRNA
URS0000BE28D6/Streptomyces,0.0975609756097561,0.34146341463414637,0.3780487804878049,0.18292682926829268,pre_miRNA
URS0000BE2F54/Sphingomonas,0.14473684210526316,0.42105263157894735,0.32894736842105265,0.10526315789473684,pre_miRNA
URS0000BE361E/Sphingomonas,0.17699115044247787,0.34513274336283184,0.36283185840707965,0.11504424778761062,pre_miRNA
URS0000BE3835/Curtobacterium,0.11702127659574468,0.3404255319148936,0.39361702127659576,0.14893617021276595,pre_miRNA
URS0000BE5020/Sphingomonas,0.14285714285714285,0.35714285714285715,0.37755102040816324,0.12244897959183673,pre_miRNA
URS0000BE5F59/Sphingomonas,0.1565217391304348,0.3130434782608696,0.391304347826087,0.1391304347826087,pre_miRNA
URS0000BE62E7/Sphingomonas,0.10714285714285714,0.3125,0.375,0.20535714285714285,pre_miRNA
URS0000BE6429/Sphingomonas,0.13636363636363635,0.37272727272727274,0.34545454545454546,0.14545454545454545,pre_miRNA
URS0000BE6735/Sphingomonas,0.16363636363636364,0.4090909090909091,0.3,0.12727272727272726,pre_miRNA
URS0000BE781E/Sphingomonas,0.18478260869565216,0.391304347826087,0.2717391304347826,0.15217391304347827,pre_miRNA
URS0000BE79F2/Sphingomonas,0.10679611650485436,0.4077669902912621,0.33980582524271846,0.14563106796116504,pre_miRNA
URS0000BE7B71/Sphingomonas,0.13,0.36,0.36,0.15,pre_miRNA
URS0000BE82D5/Bradyrhizobium,0.18478260869565216,0.31521739130434784,0.34782608695652173,0.15217391304347827,pre_miRNA
URS0000BE9662/Sphingopyxis,0.12643678160919541,0.3333333333333333,0.39080459770114945,0.14942528735632185,pre_miRNA
URS0000BE9AD0/Sphingomonas,0.1188118811881188,0.38613861386138615,0.3564356435643564,0.13861386138613863,pre_miRNA
URS0000BEAFF2/Deinococcus,0.27380952380952384,0.23809523809523808,0.27380952380952384,0.21428571428571427,pre_miRNA
URS0000BEB739/Anaerosporomusa,0.21686746987951808,0.21686746987951808,0.26506024096385544,0.30120481927710846,pre_miRNA
URS0000BEB76A/Sphingomonas,0.11764705882352941,0.43137254901960786,0.30392156862745096,0.14705882352941177,pre_miRNA
URS0000BEBBB1/Sphingomonas,0.1188118811881188,0.36633663366336633,0.36633663366336633,0.1485148514851485,pre_miRNA
URS0000BEC6A5/Sphingomonas,0.12,0.36,0.37,0.15,pre_miRNA
URS0000BECEE6/Sphingomonas,0.12149532710280374,0.34579439252336447,0.37383177570093457,0.1588785046728972,pre_miRNA
URS0000BED9F9/Deinococcus,0.16216216216216217,0.36486486486486486,0.2972972972972973,0.17567567567567569,pre_miRNA
URS0000BEDF5C/Sphingomonas,0.1346153846153846,0.3269230769230769,0.38461538461538464,0.15384615384615385,pre_miRNA
URS0000BEE2C5/Methylobacterium,0.12931034482758622,0.3706896551724138,0.33620689655172414,0.16379310344827586,pre_miRNA
URS0000BEE9FA/Sphingomonas,0.13402061855670103,0.3711340206185567,0.38144329896907214,0.1134020618556701,pre_miRNA
URS0000BEF037/Sphingomonas,0.10638297872340426,0.4148936170212766,0.35106382978723405,0.1276595744680851,pre_miRNA
URS0000BF096B/Sphingomonas,0.15,0.38,0.39,0.08,pre_miRNA
URS0000BF0A88/Sphingomonas,0.14893617021276595,0.3617021276595745,0.3191489361702128,0.1702127659574468,pre_miRNA
URS0000BF12CF/Microbacterium,0.13095238095238096,0.3333333333333333,0.35714285714285715,0.17857142857142858,pre_miRNA
URS0000BF40F4/Streptomyces,0.13043478260869565,0.36231884057971014,0.37681159420289856,0.13043478260869565,pre_miRNA
URS0000BF48FD/Streptomyces,0.14457831325301204,0.3373493975903614,0.3614457831325301,0.1566265060240964,pre_miRNA
URS0000BF526C/Sphingomonas,0.11578947368421053,0.3894736842105263,0.3368421052631579,0.15789473684210525,pre_miRNA
URS0000BF6027/Kocuria,0.16279069767441862,0.32558139534883723,0.38372093023255816,0.12790697674418605,pre_miRNA
URS0000BF6D1B/Tetrasphaera,0.17391304347826086,0.41304347826086957,0.2717391304347826,0.14130434782608695,pre_miRNA
URS0000BF7A47/Mobilicoccus,0.13333333333333333,0.34444444444444444,0.4,0.12222222222222222,pre_miRNA
URS0000BF7F0C/Novosphingobium,0.11363636363636363,0.375,0.3068181818181818,0.20454545454545456,pre_miRNA
URS0000BF837D/Oerskovia,0.15476190476190477,0.40476190476190477,0.3333333333333333,0.10714285714285714,pre_miRNA
URS0000BFADF4/Sphingomonas,0.11578947368421053,0.4,0.3473684210526316,0.1368421052631579,pre_miRNA
URS0000BFB0F6/Arsenicicoccus,0.20481927710843373,0.3253012048192771,0.30120481927710846,0.1686746987951807,pre_miRNA
URS0000BFC365/Streptomyces,0.11904761904761904,0.3333333333333333,0.39285714285714285,0.15476190476190477,pre_miRNA
URS0000BFC90D/Litoreibacter,0.1875,0.34375,0.3333333333333333,0.13541666666666666,pre_miRNA
URS0000BFC939/Sphingomonas,0.13861386138613863,0.3465346534653465,0.36633663366336633,0.1485148514851485,pre_miRNA
URS0000BFDA12/Sphingopyxis,0.13333333333333333,0.3333333333333333,0.4111111111111111,0.12222222222222222,pre_miRNA
URS0000C0074F/Sphingopyxis,0.12345679012345678,0.3333333333333333,0.35802469135802467,0.18518518518518517,pre_miRNA
URS0000C017E4/Streptomyces,0.10227272727272728,0.3977272727272727,0.3977272727272727,0.10227272727272728,pre_miRNA
URS0000C02D48/Sphingopyxis,0.12745098039215685,0.35294117647058826,0.39215686274509803,0.12745098039215685,pre_miRNA
URS0000C031A2/Rathayibacter,0.17647058823529413,0.29411764705882354,0.3764705882352941,0.15294117647058825,pre_miRNA
URS0000C05095/Devosia,0.22857142857142856,0.26666666666666666,0.26666666666666666,0.23809523809523808,pre_miRNA
URS0000C08AB5/Devosia,0.17708333333333334,0.34375,0.3229166666666667,0.15625,pre_miRNA
URS0000C097DC/Devosia,0.15789473684210525,0.3368421052631579,0.3263157894736842,0.17894736842105263,pre_miRNA
URS0000C0B148/Mycobacterium,0.11627906976744186,0.38372093023255816,0.38372093023255816,0.11627906976744186,pre_miRNA
URS0000C0EC20/Janthinobacterium,0.17592592592592593,0.2962962962962963,0.35185185185185186,0.17592592592592593,pre_miRNA
URS0000C0F09D/Pseudomonas,0.20618556701030927,0.26804123711340205,0.32989690721649484,0.1958762886597938,pre_miRNA
URS0000C10B45/Bifidobacterium,0.2318840579710145,0.30434782608695654,0.2463768115942029,0.21739130434782608,pre_miRNA
URS0000C1AA4D/Pseudomonas,0.22105263157894736,0.2736842105263158,0.28421052631578947,0.22105263157894736,pre_miRNA
URS0000C22E75/Bifidobacterium,0.2608695652173913,0.2463768115942029,0.2318840579710145,0.2608695652173913,pre_miRNA
URS0000C281DA/Nitrospirae,0.26865671641791045,0.208955223880597,0.22388059701492538,0.29850746268656714,pre_miRNA
URS0000C28DE7/Bifidobacterium,0.1588785046728972,0.3364485981308411,0.35514018691588783,0.14953271028037382,pre_miRNA
URS0000C35532/Hymenobacter,0.23076923076923078,0.28205128205128205,0.28205128205128205,0.20512820512820512,pre_miRNA
URS0000C481A2/Pontibacillus,0.3055555555555556,0.1388888888888889,0.2638888888888889,0.2916666666666667,pre_miRNA
URS0000C49401/Pseudomonas,0.18947368421052632,0.2631578947368421,0.3157894736842105,0.23157894736842105,pre_miRNA
URS0000C5A4BE/Clostridium,0.2857142857142857,0.20238095238095238,0.21428571428571427,0.2976190476190476,pre_miRNA
URS0000C612E3/Nitrospira,0.17647058823529413,0.38823529411764707,0.25882352941176473,0.17647058823529413,pre_miRNA
URS0000C76CF7/Nocardia,0.2235294117647059,0.29411764705882354,0.2823529411764706,0.2,pre_miRNA
URS0000C8A37D/Hymenobacter,0.17094017094017094,0.29914529914529914,0.29914529914529914,0.23076923076923078,pre_miRNA
URS0000CB17AE/Pseudobutyrivibrio,0.16666666666666666,0.2111111111111111,0.28888888888888886,0.3333333333333333,pre_miRNA
URS0000D4AADA/Ruminococcus,0.15555555555555556,0.2,0.3111111111111111,0.3333333333333333,pre_miRNA
URS0000D54FCF/Herpesvirus,0.24561403508771928,0.2631578947368421,0.22807017543859648,0.2631578947368421,pre_miRNA
URS0000D558FD/Herpesvirus,0.2982456140350877,0.22807017543859648,0.21052631578947367,0.2631578947368421,pre_miRNA
URS0000D55E2F/Herpesvirus,0.2413793103448276,0.1724137931034483,0.20689655172413793,0.3793103448275862,pre_miRNA
URS0000D785C6/Micromonospora,0.17045454545454544,0.3068181818181818,0.3409090909090909,0.18181818181818182,pre_miRNA
URS0000D79142/Jiangella,0.17857142857142858,0.2976190476190476,0.3333333333333333,0.19047619047619047,pre_miRNA
URS0000D7A3F3/Sphingopyxis,0.1728395061728395,0.2716049382716049,0.2962962962962963,0.25925925925925924,pre_miRNA
URS0000D7AD65/Sphingomonas,0.125,0.375,0.3229166666666667,0.17708333333333334,pre_miRNA
URS0000D7CEA0/Acidobacteria,0.17073170731707318,0.3780487804878049,0.35365853658536583,0.0975609756097561,pre_miRNA
URS0000D7D9E8/Hymenobacter,0.23333333333333334,0.28888888888888886,0.24444444444444444,0.23333333333333334,pre_miRNA
URS0000D7E2C7/Pseudonocardia,0.0759493670886076,0.35443037974683544,0.4050632911392405,0.16455696202531644,pre_miRNA
URS0000D7E4C0/Sphingopyxis,0.15555555555555556,0.36666666666666664,0.35555555555555557,0.12222222222222222,pre_miRNA
URS0000D7FA9B/Jiangella,0.15294117647058825,0.32941176470588235,0.32941176470588235,0.18823529411764706,pre_miRNA
URS0000D80279/Massilia,0.19811320754716982,0.33962264150943394,0.3113207547169811,0.1509433962264151,pre_miRNA
URS0000D80425/Sphingomonas,0.1592920353982301,0.34513274336283184,0.30973451327433627,0.18584070796460178,pre_miRNA
URS0000D8052E/Betaproteobacteria,0.2571428571428571,0.23809523809523808,0.24761904761904763,0.2571428571428571,pre_miRNA
URS0000D83EA8/Sphingomonas,0.13095238095238096,0.38095238095238093,0.35714285714285715,0.13095238095238096,pre_miRNA
URS0000D85B57/Tessaracoccus,0.21686746987951808,0.3132530120481928,0.3373493975903614,0.13253012048192772,pre_miRNA
URS0000D86A8F/Sphingopyxis,0.16393442622950818,0.3360655737704918,0.32786885245901637,0.1721311475409836,pre_miRNA
URS0000D88C5D/Arthrobacter,0.1891891891891892,0.28378378378378377,0.2702702702702703,0.25675675675675674,pre_miRNA
URS0000D8AC48/Massilia,0.16666666666666666,0.3229166666666667,0.3229166666666667,0.1875,pre_miRNA
URS0000D90A97/Actinomycetales,0.14444444444444443,0.3333333333333333,0.36666666666666664,0.15555555555555556,pre_miRNA
URS0000D91301/Desulfotomaculum,0.3118279569892473,0.20430107526881722,0.1935483870967742,0.2903225806451613,pre_miRNA
URS0000D91B42/Streptomyces,0.13157894736842105,0.3815789473684211,0.35526315789473684,0.13157894736842105,pre_miRNA
URS0000D92845/Arthrobacter,0.1511627906976744,0.313953488372093,0.3488372093023256,0.18604651162790697,pre_miRNA
URS0000D949AA/Mycobacterium,0.20689655172413793,0.3333333333333333,0.3333333333333333,0.12643678160919541,pre_miRNA
URS0000D94D89/Actinophytocola,0.09876543209876543,0.32098765432098764,0.4074074074074074,0.1728395061728395,pre_miRNA
URS0000D95B23/Acinetobacter,0.30405405405405406,0.19594594594594594,0.1554054054054054,0.34459459459459457,pre_miRNA
URS0000D962D8/Massilia,0.16666666666666666,0.3645833333333333,0.3125,0.15625,pre_miRNA
URS0000D98978/Hymenobacter,0.20930232558139536,0.3023255813953488,0.26744186046511625,0.22093023255813954,pre_miRNA
URS0000D9A81E/Spirosoma,0.2032520325203252,0.23577235772357724,0.23577235772357724,0.3252032520325203,pre_miRNA
URS0000D9D09D/Rhodococcus,0.08695652173913043,0.391304347826087,0.391304347826087,0.13043478260869565,pre_miRNA
URS0000D9EF0E/Verrucomicrobia,0.16161616161616163,0.32323232323232326,0.36363636363636365,0.15151515151515152,pre_miRNA
URS0000D9F2CD/Brevibacterium,0.11267605633802817,0.38028169014084506,0.3380281690140845,0.16901408450704225,pre_miRNA
URS0000DA1361/Acidobacteria,0.19801980198019803,0.3069306930693069,0.27722772277227725,0.21782178217821782,pre_miRNA
URS0000DA2D0D/Deltaproteobacteria,0.17647058823529413,0.36470588235294116,0.2823529411764706,0.17647058823529413,pre_miRNA
URS0000DA4895/Actinomadura,0.17391304347826086,0.3333333333333333,0.34782608695652173,0.14492753623188406,pre_miRNA
URS0000DA519A/Streptomyces,0.08620689655172414,0.3448275862068966,0.43103448275862066,0.13793103448275862,pre_miRNA
URS0000DA719C/Devosia,0.15517241379310345,0.3793103448275862,0.3448275862068966,0.1206896551724138,pre_miRNA
URS0000DA7266/Pseudomonas,0.232,0.272,0.304,0.192,pre_miRNA
URS0000DA7307/Microbacterium,0.12087912087912088,0.38461538461538464,0.34065934065934067,0.15384615384615385,pre_miRNA
URS0000DA8C51/Methylibium,0.14942528735632185,0.3563218390804598,0.3793103448275862,0.11494252873563218,pre_miRNA
URS0000DAAB30/Massilia,0.22857142857142856,0.3523809523809524,0.2571428571428571,0.1619047619047619,pre_miRNA
URS0000DAB279/Hymenobacter,0.17142857142857143,0.3047619047619048,0.29523809523809524,0.22857142857142856,pre_miRNA
URS0000DAD334/Pseudonocardia,0.10714285714285714,0.35714285714285715,0.36904761904761907,0.16666666666666666,pre_miRNA
URS0000DADC5D/Thioalkalivibrio,0.13186813186813187,0.3626373626373626,0.37362637362637363,0.13186813186813187,pre_miRNA
URS0000DB1A18/Planctomycetaceae,0.2804878048780488,0.2682926829268293,0.2682926829268293,0.18292682926829268,pre_miRNA
URS0000DB1AFC/Hymenobacter,0.15789473684210525,0.34210526315789475,0.3684210526315789,0.13157894736842105,pre_miRNA
URS0000DB4C1A/Massilia,0.19047619047619047,0.3142857142857143,0.34285714285714286,0.1523809523809524,pre_miRNA
URS0000DB5059/Arthrobacter,0.20987654320987653,0.30864197530864196,0.32098765432098764,0.16049382716049382,pre_miRNA
URS0000DB5623/Microbacterium,0.19318181818181818,0.29545454545454547,0.36363636363636365,0.14772727272727273,pre_miRNA
URS0000DB61A1/Massilia,0.16037735849056603,0.3018867924528302,0.3584905660377358,0.1792452830188679,pre_miRNA
URS0000DB649E/Streptomyces,0.1794871794871795,0.3333333333333333,0.38461538461538464,0.10256410256410256,pre_miRNA
URS0000DC1BE2/Acidovorax,0.13541666666666666,0.21875,0.3229166666666667,0.3229166666666667,pre_miRNA
URS0000DF4502/Bacillus,0.21875,0.1875,0.3020833333333333,0.2916666666666667,pre_miRNA
nameseq,A,C,G,T,label
URS00021A1CF1/Rhizobium,0.12790697674418605,0.4069767441860465,0.3023255813953488,0.16279069767441862,miRNA
URS0000BFE8E2/Cellulomonas,0.09803921568627451,0.39215686274509803,0.39215686274509803,0.11764705882352941,miRNA
URS00021A4D13/Rhizobium,0.11764705882352941,0.35294117647058826,0.36470588235294116,0.16470588235294117,miRNA
URS000042D190/Thiovulum,0.3181818181818182,0.2159090909090909,0.14772727272727273,0.3181818181818182,miRNA
URS0000D17674/Pseudomonas,0.2268041237113402,0.23711340206185566,0.27835051546391754,0.25773195876288657,miRNA
URS00015DACAF/Calothrix,0.22058823529411764,0.23529411764705882,0.3088235294117647,0.23529411764705882,miRNA
URS0002198906/Sphingobium,0.19753086419753085,0.2716049382716049,0.3333333333333333,0.19753086419753085,miRNA
URS0000CD4849/Chitinophaga,0.3163265306122449,0.15306122448979592,0.14285714285714285,0.3877551020408163,miRNA
URS0000150FA2/Capnocytophaga,0.32653061224489793,0.17346938775510204,0.16326530612244897,0.336734693877551,miRNA
URS00021CC6AA/Sphingomonas,0.17045454545454544,0.3409090909090909,0.32954545454545453,0.1590909090909091,miRNA
URS0000E585FE/Stenotrophomonas,0.22826086956521738,0.2608695652173913,0.25,0.2608695652173913,miRNA
URS0000D98971/alpha,0.17045454545454544,0.32954545454545453,0.32954545454545453,0.17045454545454544,miRNA
URS0000EE73AD/Larkinella,0.30337078651685395,0.16853932584269662,0.1797752808988764,0.34831460674157305,miRNA
URS0000AFF374/Curtobacterium,0.10126582278481013,0.3924050632911392,0.3924050632911392,0.11392405063291139,miRNA
URS00009D4E29/Endozoicomonas,0.273224043715847,0.24043715846994534,0.16939890710382513,0.31693989071038253,miRNA
URS0000C01462/Microbacterium,0.14583333333333334,0.3020833333333333,0.375,0.17708333333333334,miRNA
URS00000A9208/Pseudomonas,0.19047619047619047,0.2857142857142857,0.32142857142857145,0.20238095238095238,miRNA
URS000029891A/Brevibacillus,0.24742268041237114,0.23711340206185566,0.30927835051546393,0.20618556701030927,miRNA
URS0000CF236C/Massilia,0.28865979381443296,0.1958762886597938,0.2268041237113402,0.28865979381443296,miRNA
URS0002248398/Reyranella,0.16161616161616163,0.35353535353535354,0.35353535353535354,0.13131313131313133,miRNA
URS0000E1AB64/Enterobacter,0.20833333333333334,0.15625,0.3333333333333333,0.3020833333333333,miRNA
URS0000C49FE7/Sinomonas,0.17647058823529413,0.3333333333333333,0.3333333333333333,0.1568627450980392,miRNA
URS00008356F5/Tannerella,0.2708333333333333,0.125,0.20833333333333334,0.3958333333333333,miRNA
URS00021CBE47/Sphingopyxis,0.14444444444444443,0.36666666666666664,0.34444444444444444,0.14444444444444443,miRNA
URS0000C0288F/Rhizobium,0.14772727272727273,0.375,0.3409090909090909,0.13636363636363635,miRNA
URS0001D72086/Novosphingobium,0.15,0.3625,0.325,0.1625,miRNA
URS00021BEF76/Sphingomonas,0.1532258064516129,0.3225806451612903,0.3387096774193548,0.18548387096774194,miRNA
URS00021AB608/Sphingopyxis,0.1,0.37777777777777777,0.4,0.12222222222222222,miRNA
URS0002198786/Sphingopyxis,0.15555555555555556,0.3333333333333333,0.4111111111111111,0.1,miRNA
URS0000BEEA4E/Streptomyces,0.18571428571428572,0.35714285714285715,0.34285714285714286,0.11428571428571428,miRNA
URS00001AA81F/Capnocytophaga,0.35833333333333334,0.23333333333333334,0.16666666666666666,0.24166666666666667,miRNA
URS000219822E/Rufibacter,0.16666666666666666,0.2878787878787879,0.4090909090909091,0.13636363636363635,miRNA
URS00021B3C01/Rhizobium,0.15384615384615385,0.3269230769230769,0.34615384615384615,0.17307692307692307,miRNA
URS00021E9BD3/Sphingomonas,0.1559633027522936,0.3394495412844037,0.3577981651376147,0.14678899082568808,miRNA
URS0001D5071E/Novosphingobium,0.16304347826086957,0.3695652173913043,0.29347826086956524,0.17391304347826086,miRNA
URS0000D78847/Sphingomonas,0.18604651162790697,0.32558139534883723,0.36046511627906974,0.12790697674418605,miRNA
URS0000D4F3F3/Flagellimonas,0.23809523809523808,0.19047619047619047,0.23809523809523808,0.3333333333333333,miRNA
URS00021BE5B2/Novosphingobium,0.1511627906976744,0.3023255813953488,0.38372093023255816,0.16279069767441862,miRNA
URS0000BFE0FF/Sphingomonas,0.12121212121212122,0.32323232323232326,0.41414141414141414,0.1414141414141414,miRNA
URS0000D06934/Chitinophaga,0.3854166666666667,0.14583333333333334,0.13541666666666666,0.3333333333333333,miRNA
URS0000AED495/Curtobacterium,0.14285714285714285,0.38571428571428573,0.3142857142857143,0.15714285714285714,miRNA
URS0000DD9BD1/Arenicella,0.23232323232323232,0.25252525252525254,0.18181818181818182,0.3333333333333333,miRNA
URS0000BFF04E/Frigoribacterium,0.125,0.3472222222222222,0.3611111111111111,0.16666666666666666,miRNA
URS0000C02E06/Sphingomonas,0.14150943396226415,0.3490566037735849,0.3584905660377358,0.1509433962264151,miRNA
URS00021C38D5/Hymenobacter,0.2375,0.25,0.275,0.2375,miRNA
URS0000DDA360/Pseudomonas,0.25773195876288657,0.23711340206185566,0.25773195876288657,0.24742268041237114,miRNA
URS0000E1BD7C/Inmirania,0.15151515151515152,0.30303030303030304,0.37373737373737376,0.1717171717171717,miRNA
URS000013F801/Capnocytophaga,0.3404255319148936,0.18085106382978725,0.2127659574468085,0.26595744680851063,miRNA
URS00021BAA8D/Sphingopyxis,0.1568627450980392,0.3137254901960784,0.43137254901960786,0.09803921568627451,miRNA
URS0000D553A1/Flagellimonas,0.22727272727272727,0.22727272727272727,0.18181818181818182,0.36363636363636365,miRNA
URS00021A7552/Rufibacter,0.2222222222222222,0.2962962962962963,0.2345679012345679,0.24691358024691357,miRNA
URS00021D10CD/Sphingomonas,0.1566265060240964,0.2891566265060241,0.3253012048192771,0.2289156626506024,miRNA
nameseq,A,C,G,T,label
URS0000BF2FA7/Sphingopyxis,0.08888888888888889,0.3888888888888889,0.37777777777777777,0.14444444444444443,pre_miRNA
URS0000BE6752/Sphingomonas,0.10891089108910891,0.3564356435643564,0.40594059405940597,0.12871287128712872,pre_miRNA
URS0000BF8D17/Sphingopyxis,0.16666666666666666,0.37777777777777777,0.32222222222222224,0.13333333333333333,pre_miRNA
URS0000BE22F3/Mesorhizobium,0.15294117647058825,0.36470588235294116,0.36470588235294116,0.11764705882352941,pre_miRNA
URS00006F0512/Spirosoma,0.21487603305785125,0.30578512396694213,0.2727272727272727,0.2066115702479339,pre_miRNA
URS0000BE1C2F/Skermanella,0.12222222222222222,0.35555555555555557,0.34444444444444444,0.17777777777777778,pre_miRNA
URS00020D1C70/Rhizobacter,0.16666666666666666,0.38636363636363635,0.3787878787878788,0.06818181818181818,pre_miRNA
URS0000BEA28D/Sphingomonas,0.16346153846153846,0.3557692307692308,0.36538461538461536,0.11538461538461539,pre_miRNA
URS0000BF7AE6/Sphingomonas,0.13131313131313133,0.36363636363636365,0.35353535353535354,0.15151515151515152,pre_miRNA
URS00008553BA/Marinomonas,0.17708333333333334,0.16666666666666666,0.3333333333333333,0.3229166666666667,pre_miRNA
URS000067D154/Streptomyces,0.11956521739130435,0.391304347826087,0.34782608695652173,0.14130434782608695,pre_miRNA
URS0000BE5A41/Sphingomonas,0.11538461538461539,0.38461538461538464,0.375,0.125,pre_miRNA
URS00021EB78D/Bradyrhizobium,0.14893617021276595,0.32978723404255317,0.32978723404255317,0.19148936170212766,pre_miRNA
URS0000BEF609/Streptomyces,0.10975609756097561,0.3780487804878049,0.4024390243902439,0.10975609756097561,pre_miRNA
URS0000EC6E37/Halomonas,0.15625,0.17708333333333334,0.34375,0.3229166666666667,pre_miRNA
URS0000C2C55C/Desulfobacterales,0.3023255813953488,0.23255813953488372,0.16279069767441862,0.3023255813953488,pre_miRNA
URS0000BE408A/Agrobacterium,0.13043478260869565,0.34782608695652173,0.3695652173913043,0.15217391304347827,pre_miRNA
URS0000D889E0/Rhizobiales,0.17045454545454544,0.3522727272727273,0.3522727272727273,0.125,pre_miRNA
URS0000E50A96/Oceanibaculum,0.1935483870967742,0.1935483870967742,0.3118279569892473,0.3010752688172043,pre_miRNA
URS0000AE87C8/Eubacterium,0.15625,0.23958333333333334,0.2708333333333333,0.3333333333333333,pre_miRNA
URS0000D971FC/Massilia,0.1792452830188679,0.3113207547169811,0.330188679245283,0.1792452830188679,pre_miRNA
URS0000BFBC2E/Leucobacter,0.10714285714285714,0.3333333333333333,0.39285714285714285,0.16666666666666666,pre_miRNA
URS0000BFF497/Sphingomonas,0.13592233009708737,0.3592233009708738,0.33980582524271846,0.1650485436893204,pre_miRNA
URS0000D9DEE9/Devosia,0.15463917525773196,0.36082474226804123,0.3711340206185567,0.1134020618556701,pre_miRNA
URS0000D8A657/Sphingomonas,0.15053763440860216,0.3763440860215054,0.3118279569892473,0.16129032258064516,pre_miRNA
URS0000D8E032/Streptomyces,0.1282051282051282,0.3974358974358974,0.358974358974359,0.11538461538461539,pre_miRNA
URS0000649613/Sphingomonas,0.10784313725490197,0.45098039215686275,0.29411764705882354,0.14705882352941177,pre_miRNA
URS000065B9E4/Streptomyces,0.11494252873563218,0.3333333333333333,0.3793103448275862,0.1724137931034483,pre_miRNA
URS0000D99DA0/Arthrobacter,0.20224719101123595,0.3146067415730337,0.3146067415730337,0.16853932584269662,pre_miRNA
URS0000AF277C/Paenibacillus,0.1875,0.14583333333333334,0.3333333333333333,0.3333333333333333,pre_miRNA
URS0000687A57/Ktedonobacter,0.2111111111111111,0.24444444444444444,0.25555555555555554,0.28888888888888886,pre_miRNA
URS0000C0118F/Streptomyces,0.13043478260869565,0.3804347826086957,0.358695652173913,0.13043478260869565,pre_miRNA
URS0000D991C0/Rathayibacter,0.1686746987951807,0.3373493975903614,0.27710843373493976,0.21686746987951808,pre_miRNA
URS00021DF12A/Sphingopyxis,0.15555555555555556,0.34444444444444444,0.3888888888888889,0.1111111111111111,pre_miRNA
URS0000B0BC7D/Lachnospiraceae,0.14583333333333334,0.17708333333333334,0.34375,0.3333333333333333,pre_miRNA
URS0000AC0ECC/Acetitomaculum,0.21875,0.125,0.3125,0.34375,pre_miRNA
URS0000BE114D/Sphingomonas,0.13761467889908258,0.3669724770642202,0.3669724770642202,0.12844036697247707,pre_miRNA
URS0000BE58D7/Arenimonas,0.16666666666666666,0.4019607843137255,0.30392156862745096,0.12745098039215685,pre_miRNA
URS000068C700/Sphingomonas,0.1592920353982301,0.2831858407079646,0.415929203539823,0.1415929203539823,pre_miRNA
URS0000D881AF/Streptomyces,0.1038961038961039,0.4025974025974026,0.37662337662337664,0.11688311688311688,pre_miRNA
URS0000D83E5C/Microlunatus,0.12941176470588237,0.38823529411764707,0.36470588235294116,0.11764705882352941,pre_miRNA
URS0000680C4C/Sphingomonas,0.1891891891891892,0.27927927927927926,0.3963963963963964,0.13513513513513514,pre_miRNA
URS0000BEB4BE/Sphingomonas,0.20212765957446807,0.35106382978723405,0.30851063829787234,0.13829787234042554,pre_miRNA
URS0000BE5EA8/Sphingopyxis,0.19047619047619047,0.30952380952380953,0.30158730158730157,0.1984126984126984,pre_miRNA
URS0000D9EAEF/Kocuria,0.10465116279069768,0.38372093023255816,0.3372093023255814,0.1744186046511628,pre_miRNA
URS0000B96FD8/Bacillus,0.19791666666666666,0.14583333333333334,0.3020833333333333,0.3541666666666667,pre_miRNA
URS0000BFE61A/Sphingomonas,0.15306122448979592,0.30612244897959184,0.3673469387755102,0.17346938775510204,pre_miRNA
URS0000C4B726/Paramesorhizobium,0.19469026548672566,0.26548672566371684,0.3008849557522124,0.23893805309734514,pre_miRNA
URS0001DDD6A3/Novosphingobium,0.17582417582417584,0.31868131868131866,0.3076923076923077,0.1978021978021978,pre_miRNA
URS00006F626E/Sphingomonas,0.23300970873786409,0.30097087378640774,0.3786407766990291,0.08737864077669903,pre_miRNA
