nameseq,k1,k2,k3,k4,k5,label
URS000006F838/Thermoanaerobacter,1.941344329323492,2.8753944655990757,3.6336467842935636,4.222821579003748,4.720570306591505,miRNA
URS0000283DEC/Oscillatoriales,1.8759642196329271,3.52772681241109,4.833324389444493,5.313790539456195,5.559876038918099,miRNA
URS000020C75E/Pseudomonas,1.9160189976919826,3.6382095056476227,4.691993045782166,5.369682667895898,5.603586383021305,miRNA
URS00002CF439/Capnocytophaga,1.9878738433600849,3.9185576150617836,5.3620343002474895,6.06864978374671,6.315273289078884,miRNA
URS00002D2BC5/Rhizobium,1.964518247369932,3.8028161850356157,5.257659765557392,5.7233116695316655,5.921938245870744,miRNA
URS0000326346/Prevotella,1.972662564608676,3.798124674171085,5.272521511756305,5.924079895989236,6.2628720330419165,miRNA
URS00002EE34B/Pseudomonas,1.9990979395214052,3.9185193196212165,5.416499173851771,6.058994332902696,6.195295934496223,miRNA
URS00003B57B0/Rivularia,1.9593480002132977,3.6018848846525655,4.82547448980154,5.55128294596475,5.975083620228784,miRNA
URS000035ED5D/Capnocytophaga,1.9010995474021053,3.736233930627315,5.297960793009002,6.249969572601865,6.5880149163840676,miRNA
URS00003E1E75/Capnocytophaga,1.9722218334557888,3.8808493744038675,5.364300002777782,5.996928094887358,6.278464292480902,miRNA
URS00003CFD19/Desulfobacter,1.9059282160429993,3.65648659642251,4.859248095189391,5.383304180855831,5.585055102756479,miRNA
URS000053415E/Lachnospiraceae,1.922919247176294,3.7569929396423274,5.303527019880202,5.908818690495886,6.1013452575208476,miRNA
URS00003F18A8/Capnocytophaga,1.9801426441942613,3.879644795526478,5.343026202422197,6.032920347902411,6.273269803731141,miRNA
URS00004159DF/Ralstonia,1.9832770686515022,3.850696242472969,5.5565895510551915,6.41754968455825,6.792905987806216,miRNA
URS000045437B/Prevotella,1.9693326536486335,3.8502730093584736,5.522524629370388,6.427649154784936,6.839288814574929,miRNA
URS000047E949/Prevotella,1.9592449665303406,3.679186344811688,4.989151957183504,5.5391746781016895,5.756914440962139,miRNA
URS00005255A8/Rhizobium,1.949438435141852,3.785160111866749,5.023312318185475,5.785581065670067,5.9927737861344905,miRNA
URS000055B57E/Pseudomonas,1.977691927416525,3.885717138006749,5.331727820277185,6.021369777490015,6.327909901861181,miRNA
URS000057EBF6/Moorea,1.9983662414541512,2.1273736903912557,2.1935140014986123,2.259869885161162,2.3263839963725372,miRNA
URS0000655ADD/Frankia,1.8818114550775689,3.6510368326792833,4.988912694672023,5.564063213848727,5.895367298727859,miRNA
URS0000669483/Sorangium,1.877301232390377,3.451997974513613,4.401486812715342,4.9683103595247236,5.262217112557386,miRNA
URS00005C93BE/Pseudomonas,1.9097984622626003,3.699065016708383,5.078701696057347,5.759229482244778,6.105915039375076,miRNA
URS0000674681/Streptomyces,1.8907082013105603,3.683669309908555,4.971928094887363,5.182838116298145,5.247927513443589,miRNA
URS0000609D73/Pseudomonas,1.927759839803696,3.733215400620582,5.233618885307024,5.9291242030325675,6.142664355548853,miRNA
URS00005684F2/Xanthomonas,1.969536190959027,3.70045690184468,5.035344024143923,5.689703732199547,5.995403587921303,miRNA
URS0000613847/Pseudomonas,1.9909520708329982,3.8769470093029343,5.320220007129631,6.058994332902696,6.195295934496223,miRNA
URS00006A857B/Sphingomonas,1.804409553334884,3.368026572654296,4.813972954814835,5.768366898782208,6.268758439731467,miRNA
URS00007F06D9/Candidatus,1.9565838086742922,3.5538892446338743,4.663469832518041,5.296463659530813,5.539241209280178,miRNA
URS0000ADC386/Curtobacterium,1.7774947985603504,3.4743480805632396,4.706818018463284,5.413716068381603,5.734016026087475,miRNA
URS0000705BBA/Streptomyces,1.8589658205859299,3.4933568305359417,4.659260522104633,5.385350101808125,5.7716406363433235,miRNA
URS0000AF0259/Curtobacterium,1.7297107016384534,3.3488645152651104,4.720784324869195,5.579984928379788,5.96875,miRNA
URS0000702B0E/Spirosoma,1.977406042071959,3.8645369876868485,5.463559150242384,6.469466036631636,6.853270702489368,miRNA
URS000071FD08/Streptomyces,1.7283960152046731,3.3477837698623216,4.6006298219274155,5.423251796980341,5.708632440797383,miRNA
URS000080159D/Neochlamydia,1.9488593358914776,3.8300354509053918,5.328847249922386,6.05285559628159,6.363373880404611,miRNA
URS00007E5D41/Parachlamydia,1.956051176186001,3.4364384202553055,4.689898095464287,5.484172286576636,5.685567202024122,miRNA
URS000080A228/Candidatus,1.908241971728854,3.7642990880644707,4.734521664779751,4.9837880587523955,5.0,miRNA
URS00007F65E4/Parachlamydia,1.9623698823604068,3.862073260974039,5.446868917893103,6.212869416400952,6.54419409936565,miRNA
URS000083257D/Tannerella,1.9892881732116412,3.8950181906867223,5.551355167143369,6.550301855434973,7.016485699561307,miRNA
URS0000B85E65/Sphingomonas,1.993715550859366,3.8234171293847385,5.336320831565599,6.256735677759421,6.527750345173053,miRNA
URS000080A323/Parachlamydia,1.9688757822614613,3.781825697645241,4.973203473431122,5.4936149584841045,5.633209655696991,miRNA
URS0000820B05/Tannerella,1.9356401981194866,3.7366948011194436,5.322455079318728,6.165538932945218,6.435593634623964,miRNA
URS0000824F6B/Tannerella,1.9515481360151428,3.838872795905889,5.506387212232619,6.574952453512792,7.046603601649901,miRNA
URS00000FB4B3/Capnocytophaga,1.9085110336094069,3.4467826286329206,4.666949157814205,5.435619128494152,5.9009074721967565,miRNA
URS00001D7098/Xenococcus,1.9128369743783016,3.7928597739685324,5.321662788244523,5.957854445516399,6.079538949531787,miRNA
URS000007F1E8/Pantoea,1.9627810008849946,3.8677761032486546,5.391319666386149,6.089259321691255,6.26577592881054,miRNA
URS00001D5617/Candidatus,1.8112781244591327,3.220746628875276,4.3195602607254004,5.002964207440786,5.368522527728205,miRNA
URS0000D215CF/Chitinophaga,1.8758520871266393,3.5734301094233447,4.977370028745344,5.785336397667992,6.227409197399294,miRNA
URS00002353C5/Pseudomonas,1.9943652621262196,3.851409341671484,5.289363463526247,5.95206888552892,6.1369164108247745,miRNA
URS0000CD6FAC/Chitinophaga,1.909349040323191,3.731670176390253,5.1623343527622,5.919308606681583,6.261209564709832,miRNA
URS0000D0BEC8/Pseudomonas,1.9898256206494291,3.8814416686463304,5.414766185336517,6.133660689688197,6.439913311976957,miRNA
URS0000D23776/Spirosoma,1.9970502559538257,3.935482447138586,5.4650050469066,6.202964207440777,6.430789610741691,miRNA
URS0000E138E8/Stenotrophomonas,1.9963674371199291,3.855738634153302,5.393810614204488,6.062492001110315,6.278464292480902,miRNA
URS0000CFA823/Pseudomonas,1.988211682043497,3.8626858101626365,5.511542794354511,6.208758439731466,6.508144498867497,miRNA
URS0000DC2270/Pseudomonas,1.9871952013046774,3.8218035938958126,5.256956749373996,6.073859502468082,6.423856189774738,miRNA
URS0000E15330/Stenotrophomonas,1.9938462544479019,3.9201988677198782,5.4691964294706965,6.152644807346591,6.34579525500094,miRNA
URS0000DE9C8B/Pseudomonas,1.9365258150495548,3.8503140612578095,5.300044618479014,5.828818690495887,6.020264176439765,miRNA
URS0000E17B49/Stenotrophomonas,1.9975045673761036,3.9230398130653463,5.424267553240267,6.043553706588321,6.221928094887358,miRNA
URS0000DEAA98/Pseudomonas,1.9870803366624448,3.876586097862429,5.461517312110175,6.068649783746709,6.244685053784766,miRNA
URS0000E26647/Stenotrophomonas,1.9911247036784319,3.834073621270699,5.234183719779187,5.974666824126471,6.157197090657126,miRNA
URS0000E276B4/Thiocapsa,1.9933553400533257,3.388874446700801,4.190435663341039,4.376091404417385,4.513456636043304,miRNA
URS0000E343A9/Stenotrophomonas,1.992208373282219,3.824664470657656,5.168320953630535,5.928055907333272,6.151882013999889,miRNA
URS0000E436D3/Eilatimonas,1.9739879890775278,2.657393665743686,2.935140048434868,3.2086413101583453,3.4777608169668888,miRNA
URS0000EE4968/Labrenzia,1.890293690866832,2.8556584125094675,3.4839423360795765,4.070059315315836,4.648369568088479,miRNA
URS0000EC949F/Tepidamorphus,1.946383758083922,3.1224218535212587,3.7920729828625483,4.380685147275643,4.877938625039635,miRNA
URS0000ECB7FB/Anoxybacillus,1.9216283616935677,3.5867325745639813,4.943690172700538,5.590702450345117,5.867319075782653,miRNA
URS0000ECCD21/Larkinella,1.9315887551799182,3.660390656964928,4.921027997804174,5.529229712342499,5.9079620162170645,miRNA
URS00010C75D7/Sinorhizobium,1.959238086237538,3.205507294385451,3.967946057071479,4.5425914417128554,5.092878163200694,miRNA
URS00012E0807/Stenotrophomonas,1.9983662414541514,3.8722828779748166,5.402698744331322,6.178124310528367,6.380741985218552,miRNA
URS0000EE636E/Stenotrophomonas,1.9959310963722363,3.8870659464511634,5.372454580312141,6.072368749488249,6.309992442396501,miRNA
URS0001535F0D/Chitinophaga,1.9398457421693038,3.2762799004767054,4.347527630653215,5.153756708287002,5.712153286664352,miRNA
URS0000EE6B72/Stenotrophomonas,1.9946597510812223,3.908954218090335,5.493182685698261,6.184928853514152,6.291743877314178,miRNA
URS0000EE9049/Stenotrophomonas,1.9988942420654399,3.87330459666187,5.27402644357278,6.016088589983938,6.216393212761159,miRNA
URS0000F02773/Pseudomonas,1.9972693408250057,3.84501771932506,5.358085318359586,6.121691015187451,6.368522527728214,miRNA
URS0001DBD379/Novosphingobium,1.894740619007484,3.429386161674397,4.697343655577033,5.392801028511622,5.860541181420972,miRNA
URS000160FDB3/Pseudomonas,1.9942497876873093,3.851703685012653,5.38988272523874,6.189863943268235,6.431036374727463,miRNA
URS0001FF58A2/Novosphingobium,1.9181877486498788,3.5627414729774447,4.89982584085035,5.546218772752467,5.975531792954654,miRNA
URS0001F4F4DB/Novosphingobium,1.8598413142981225,3.367328730236184,4.606080176504346,5.237420342340057,5.729384016760442,miRNA
URS000218B35A/Confluentimicrobium,1.9874601819486435,3.7607000741925902,5.190623064450209,6.088853842258135,6.471852701258074,miRNA
URS00021A486D/Sphingomonas,1.7985834009517645,3.5112014765790813,4.854874568905608,5.583459319065087,5.9094404528011575,miRNA
URS00021ACA95/Novosphingobium,1.9264185241806415,3.553310714446111,4.891897188021173,5.576707942558035,5.93068928894434,miRNA
URS00021ADE18/Halomonas,1.9133204841026172,3.7227423011396916,5.163820608240405,5.878055907333271,6.151882013999889,miRNA
URS00021AE063/Rhizobium,1.9009885819191246,3.6066150689282246,5.055467129755087,5.772086852439526,6.06864978374671,miRNA
URS00021C081C/Dyella,1.9048825135518372,3.751848097526391,5.211649234741479,5.93670434591003,6.259035449871711,miRNA
URS00021C0B9D/Methylorubrum,1.8858392960483203,3.5764415777150473,4.984628856929451,5.743547571343146,6.023216573134341,miRNA
URS00021C22EE/Paeniglutamicibacter,1.8343417046359336,3.4236271340657622,4.675832080123242,5.451489026430683,5.862021690438193,miRNA
URS000218D91A/Pseudomonas,1.961981580905096,3.7846747263737246,5.40362490738664,6.2630001679914455,6.603046710098018,miRNA
URS00021B005B/Sphingosinicella,1.8560678239820745,3.6016341338502555,5.046796291348436,5.954783678420336,6.269035169749084,miRNA
URS00021B028A/Sphingomonas,1.9518565818613967,3.784892641291637,5.3132016634269466,5.9719280948873585,6.278464292480902,miRNA
URS000218FD5C/Sphingomonas,1.867534429925371,3.6845394334646056,5.112531257580587,5.964387644400934,6.3599442606581755,miRNA
URS00021B14C0/Sphingomonas,1.921581846965156,3.780400912685905,5.406241970949282,6.3995415317064825,6.639743957804438,miRNA
URS00021B16B1/Dyella,1.9091304959902318,3.790876086048453,5.29193290921032,6.019035169749082,6.282023955618839,miRNA
URS00021B2778/Sphingomonas,1.8745758606076892,3.6075558657811633,4.975004358464849,5.7347221014689245,6.121104415388953,miRNA
URS00021B3E92/Rhizobium,1.9088315587667593,3.664889284343108,4.94464395420808,5.6389339404556145,5.971307202379135,miRNA
URS00021B4EC1/Streptosporangium,1.8554508105601306,3.578496833690364,4.823934896284059,5.384376085720193,5.43660543431788,miRNA
URS00021B611A/Sphingomonas,1.9274816079660262,3.7118184972175063,5.179819909835649,6.073603589689173,6.410628211462157,miRNA
URS00021B6483/Sphingomonas,1.852062620917114,3.6250164030596035,5.162397550221289,6.056916469964651,6.44318118446645,miRNA
URS00021C79A6/Sphingomonas,1.9332291547232916,3.7656341925962593,5.325788700570824,5.987492001110315,6.2531478367847,miRNA
URS00021952B3/Sphingobium,1.946195739284219,3.7348761843309877,5.294177077077957,6.101365993588134,6.373977978607344,miRNA
URS00021B66A2/Dyella,1.9158340377770364,3.7627099702975304,5.312182270840897,6.0681954124457755,6.380381924120421,miRNA
URS00021B68BF/Sphingopyxis,1.8364931129409512,3.599987878659146,5.138727914472843,6.023490041352014,6.431208948910329,miRNA
URS00021B8FBC/Sphingomonas,1.8463960959206023,3.3832067579594565,4.676684875892395,5.303525010027079,5.7781645045653205,miRNA
URS00021B9845/Sphingopyxis,1.796428951522344,3.4854985085584986,4.802104214194982,5.618275160770976,6.085882804840907,miRNA
URS0002195B74/Bradyrhizobium,1.924663943332537,3.8020721547552307,5.251084908947402,5.90125644274226,6.172716196948414,miRNA
URS00021BA1BB/Sphingomonas,1.9003399159099532,3.7215059892049007,5.259551479829786,6.093661482666103,6.316307314753103,miRNA
URS00021BC98A/Rhizobium,1.8805850252245022,3.518725090223414,4.934633232613589,5.7212483168109,5.948896211882393,miRNA
URS00021CA378/Rhizobium,1.8629986115119124,3.449124625328207,4.779692972600205,5.567052925307974,5.934154271636194,miRNA
URS0002195DD5/Rhizobium,1.9105403464719681,3.543751193334016,4.808059948626471,5.622922297980062,5.962212172232588,miRNA
URS000219697A/Sphingopyxis,1.855002838847163,3.561296178696529,4.9333319349360405,5.798562939644924,6.306124296847295,miRNA
URS00021971AB/Sphingomonas,1.9692601808650936,3.8302749859511693,5.370352163218191,6.021928094887358,6.2531478367846995,miRNA
URS000219908E/Bradyrhizobium,1.8996269366774268,3.7258403453936038,5.26912511284508,5.9472624994412175,6.244058376462439,miRNA
URS000219BB56/Sphingomonas,1.9146279294644377,3.7422069256306223,5.24681214877076,6.173251796980332,6.560181632115886,miRNA
URS000219BD1C/Devosia,1.8939768607091043,3.708326801280737,5.3093803605160526,6.366013653589972,6.837784284662098,miRNA
URS000219D115/Rubricella,1.8744010486208587,3.65736938954769,4.98830251141433,5.831515459916954,6.178031708493046,miRNA
URS00021BEF43/Xanthomonas,1.8157430643543233,3.4944854978418265,4.754846966928374,5.328771622206328,5.630873731517122,miRNA
URS00021DCE9E/Novosphingobium,1.8522393825032606,3.60482063048579,5.005371072016643,5.8326352143751965,6.211210541203454,miRNA
URS00021DE097/Rhizobium,1.8863146341971686,3.619373990952164,4.98255979867267,5.6275803949938235,5.982492400933168,miRNA
URS00021DF2C3/Sphingobium,1.9597143318934787,3.8553604104774215,5.432030007604625,6.068265312915951,6.291762442476356,miRNA
URS00021E00E1/Sphingomonas,1.881245616013208,3.6369156951543897,5.095755979754733,5.852028093839134,6.3230679822736695,miRNA
URS00021E2097/Sphingomonas,1.8821045964577037,3.742570326574473,5.385155405269663,6.512813119904404,6.9472479117429735,miRNA
URS00021E34FA/Dyella,1.9270974689201088,3.781287063929336,5.310554570219729,6.056265755906956,6.338276660962526,miRNA
URS00021E4017/Sphingomonas,1.8776668510785122,3.627279089979446,5.109350893317584,5.797082818407659,6.099219105075092,miRNA
URS00021E7827/Sinorhizobium,1.8332796257277684,3.5372529919854268,4.9524161203912485,5.751251027602142,5.997676699687272,miRNA
URS00021E7C42/Leifsonia,1.8902487438547697,3.7220268851898477,5.225518106924871,6.01720105367963,6.3509430458047635,miRNA
URS00021E7D75/Ramlibacter,1.841130137744698,3.578432713841969,4.961175690511384,5.741310040533725,6.1666348354121725,miRNA
URS00021E8A2E/Rhizobium,1.9526711578206704,3.834033811513881,5.52166216133928,6.610061534140593,7.028402425364923,miRNA
URS00021E9E89/Rhizobium,1.9415357501008788,3.7313942620887346,5.0957856300851745,5.768958559416984,5.984851391746795,miRNA
URS00021EA82C/Sphingomonas,1.8960738758701698,3.6537489706007182,5.080081752218485,5.8084746582379365,6.112427547547994,miRNA
URS00021EB2DF/Sphingomonas,1.8619317271956541,3.687868085263047,5.296355994478413,6.273860571272585,6.691509724842148,miRNA
URS00021EC435/Sphingomonas,1.9285384724658676,3.553408374540266,4.792581750815128,5.4362906727819444,5.860541181420972,miRNA
URS00021ED718/Nocardioides,1.8025950647768514,3.4551286975094833,4.731639224597988,5.490926613555997,5.992773786134491,miRNA
URS00021CAED6/Ramlibacter,1.9365221767660796,3.677530879918709,5.172041775547768,6.048402344426088,6.464592450436211,miRNA
URS00021CC5A8/Promicromonospora,1.8838434266896784,3.659467058296795,5.0656344265871365,5.879606381033726,6.182838116298153,miRNA
URS00021CD877/Sphingopyxis,1.8004226242248937,3.543701621153126,4.845644476951562,5.778869501471514,6.170450801213727,miRNA
URS00021CDB84/Rhizobium,1.975028763193816,3.8489893405945486,5.398632545431165,6.266606849113366,6.688185407171674,miRNA
URS00021CFF01/Rhodanobacter,1.9414227661744679,3.8361567085263975,5.4200070270492,6.106111814666561,6.399509271572917,miRNA
URS00021D099D/Novosphingobium,1.967235782977749,3.6375784735346905,5.00012853565607,5.672137123987254,6.054275284850372,miRNA
URS00021D0FA1/Saccharopolyspora,1.818790314966613,3.4993525517632995,4.807689198885679,5.671826190351654,5.98303596695107,miRNA
URS00021D2357/Sphingopyxis,1.887786376260981,3.7132395833529226,5.0919464319596015,5.948465909542358,6.184928853514152,miRNA
URS00021D2B8A/Sphingomonas,1.8275944392177679,3.409771732656473,4.797656852829061,5.711249161109013,6.109944260658175,miRNA
URS00021D6B8B/Sphingomonas,1.8489733162586115,3.532073907293214,5.001067605031032,5.942874290647347,6.407757712216849,miRNA
URS00021D6D8F/Sphingopyxis,1.834260099005473,3.506407574810162,4.8933392112085,5.782466534900558,6.303450938195877,miRNA
URS00021D7C5A/Pseudomonas,1.9931016020371233,3.8528184905730987,5.324847254812036,5.885956789702447,6.122152023829224,miRNA
URS00021D85A8/Sphingomonas,1.9592407589239735,3.7801321592725734,5.286958490351977,5.946928094887359,6.177198469696092,miRNA
URS00021D98EB/Rhizobium,1.9377362901906106,3.742969506946063,5.076347484474231,5.8795258011131,6.127037994961235,miRNA
URS000221E152/Rhizobium,1.8340730887151762,3.5206049429693476,4.805409982943668,5.376318310990529,5.668169992264664,miRNA
URS000225BA46/Rhizobium,1.9081176368986068,3.5999676415555135,4.928785214270929,5.643779748362224,5.92614907690527,miRNA
URS000219D7DD/Sphingomonas,1.9099783248887858,3.7644103408093037,5.404576583483326,6.338458042485402,6.636794398770474,miRNA
URS000219EDEB/Dyella,1.916540869387759,3.745646518044967,5.165846027572401,5.844448178917381,6.194576568527849,miRNA
URS000219F00F/Sphingobium,1.992510095404466,3.866517533220331,5.207686962707026,6.018323844555734,6.369743271346772,miRNA
URS00021A1A17/Hymenobacter,1.9964096504604645,3.8668106155318327,5.45160849410431,6.052691389152189,6.284381272910771,miRNA
URS0000AD0CAB/Curtobacterium,1.7071134640784873,3.1568383758118976,4.152920561520418,4.6578823768686535,4.875,miRNA
URS0000AD8572/Curtobacterium,1.7737221619464099,3.44998596892193,4.677737697791298,5.620151695116035,5.991598582259227,miRNA
URS0000ADA90B/Curtobacterium,1.8623101351622202,3.5696015851145533,4.908985545926397,5.518070591661381,5.789015477886191,miRNA
URS0000B09249/Thalassospira,1.984630156506881,3.285694321037453,4.235995494155708,4.756540823693031,5.1484101472120605,miRNA
URS0000AEF26D/Curtobacterium,1.8870145350774907,3.52372320617789,4.813660689688187,5.257367497088128,5.5016291673878275,miRNA
URS0000AF3711/Curtobacterium,1.7326709583974207,3.3712006486313744,4.773047409576789,5.625046141759794,6.08076217395991,miRNA
URS0000B9E3E5/Sphingomonas,1.8882740547686452,3.7194325591120965,5.2940321412931235,6.1175456225369,6.474606343125543,miRNA
URS0000BFABB8/Sphingomonas,1.8283003097177741,3.5545539126221914,5.052997527144973,5.856343717086867,6.191806865449652,miRNA
URS0000BE3947/Sphingomonas,1.8342393054109905,3.583337373825249,5.069701855069822,5.9907024503451165,6.333792176122695,miRNA
URS0000BE3DBA/Knoellia,1.8749207553606548,3.617204446551485,4.982313973450589,5.651084443403433,5.762714575568245,miRNA
URS0000BFBA6A/Sphingomonas,1.8310062838125838,3.641726736347566,5.101073077512328,5.96999588864954,6.336307314753102,miRNA
URS0000BEEE25/Streptomyces,1.7286325549633383,3.1956566858441064,4.445307005854539,5.016088589983935,5.121928094887363,miRNA
URS0000BFF544/Sphingopyxis,1.835303362790759,3.5252093105255664,4.927499801018269,5.741569357818222,6.1937066151672155,miRNA
URS0000BEFA40/Actinobacteria,1.806245313621921,3.532555608280672,4.561286684176786,5.047408651885228,5.323067982273659,miRNA
URS0000C005BC/Curtobacterium,1.8842974114967692,3.6561945698323206,5.089518302689539,5.872086857133709,6.128372284547874,miRNA
URS0000C2CD2C/Bifidobacterium,1.970356893970124,3.785192966351131,5.237480791993549,6.0666117279824725,6.482896727848878,miRNA
URS0000BF2E51/Desulfuromonas,1.976001830545834,3.726593202609285,5.024992058884402,5.878055907333272,6.202514925392294,miRNA
URS0000C6B4F5/Curtobacterium,1.8342132809437524,3.5122405428096126,4.820895302217676,5.4797574194591645,5.873557262275184,miRNA
URS0000BF8A17/Desulfovibrio,1.865774216172778,3.370073515785728,4.7159367885082535,5.417723349888292,5.680813428089393,miRNA
URS0000BFA659/Sphingomonas,1.838725105946926,3.5809338702978692,5.1108908760815925,5.9502267596236935,6.355795834054493,miRNA
URS0000CB7746/Saccharopolyspora,1.9791925531604817,3.9323096445390258,5.104970760286567,5.640812719566812,5.797166230051732,miRNA
URS0000CE1A77/Mucilaginibacter,1.969430748399591,3.7533235414415067,5.151121453932153,5.880279029338032,6.214163319762735,miRNA
URS0000D45CA5/Acidovorax,1.9972693408250057,3.7603581806522097,5.012136119362172,5.780516543540256,6.200853351567264,miRNA
URS0000D4B902/Pseudomonas,1.9991105306091712,3.89379248810405,5.43085846406,6.090805345127505,6.3630994899754985,miRNA
URS0000D539FD/Flagellimonas,1.9830495332866764,3.2494602799216175,3.9219280948873623,4.247927513443588,4.169925001442313,miRNA
URS0000CEA93F/Pseudaminobacter,1.9485789892361358,3.38828004349828,4.50689190720126,5.161598231124649,5.664934581495161,miRNA
URS0000CF5A1B/Chitinophaga,1.9034535552068337,3.685619617080646,5.003044875086667,5.627146667809495,6.027692679542807,miRNA
URS0000D506AC/Flagellimonas,1.9814035902506322,3.5841837197791886,4.0374011976541135,4.058813890331201,4.08746284125034,miRNA
URS0000D515D4/Flagellimonas,1.9808259362290785,3.4992275417233567,4.221928094887362,4.247927513443588,4.169925001442313,miRNA
URS0000D53B17/Flagellimonas,1.83748482971194,3.2841837197791888,3.932138039759377,4.169925001442313,4.08746284125034,miRNA
URS0000DC582B/Ensifer,1.931508010052366,3.0564028561260437,3.7547255923495113,4.314697627176968,4.824281398234857,miRNA
URS0000D78169/Hymenobacter,1.9341699132611883,3.5735289218426853,4.775304056131191,5.431811225458644,5.7162142539003655,miRNA
URS0000DF2CCB/Ensifer,1.9265601434297182,3.1092288175298988,3.8541339905215937,4.4233170253656064,4.9702566116475015,miRNA
URS0000DF41E9/Pseudomonas,1.9909328716187047,3.8390373325993945,5.331447813681004,6.049165713333724,6.367115800355349,miRNA
URS0000DD056E/Olleya,1.9023238848495667,3.666013060700274,5.0272103536389485,5.742571891648147,6.106415835783546,miRNA
URS0000DD7402/Pseudomonas,1.9857915401363182,3.8313161275844494,5.334234337786927,6.097300040726034,6.340901970292251,miRNA
URS0000DD7972/Pseudomonas,1.9061652882577746,3.674672206815868,5.125766822454847,5.882152023829221,6.047291203466792,miRNA
URS0000DDDB9C/Pseudomonas,1.980782219946271,3.845821247947455,5.2637692921771,6.049165713333725,6.337493354095526,miRNA
URS0000E2C310/Otariodibacter,1.961399984601385,3.143684766578289,3.9655955322116085,4.652377209464223,5.231739997737516,miRNA
URS0000E2CCA8/Stenotrophomonas,1.995334487806846,3.8760859602594624,5.24361981355623,5.974666824126471,6.182838116298152,miRNA
URS0000DE2144/Pseudomonas,2.0,3.894746769567767,5.468004112449787,6.243354778803444,6.393127173448329,miRNA
URS0000DE7374/Pseudomonas,1.9973416034790814,3.9416173293519883,5.5715852870217395,6.21712113460119,6.405652681464862,miRNA
URS0000E429A5/Thiocapsa,1.9850254298567858,3.467048693862605,4.44156355782533,4.934891937463251,5.1278769536291815,miRNA
URS0000E4BB21/Stenotrophomonas,1.9957808479084207,3.8720290935502524,5.375147613396139,6.144162925299812,6.345795255000941,miRNA
URS0000E4EFDA/Stappia,1.9712518360044662,3.275177462568656,4.225679324438326,4.9133484941613865,5.403359238383522,miRNA
URS0000E5D664/Stenotrophomonas,1.9932354041872553,3.8499218096525247,5.357709989033306,6.08730384342408,6.380741985218552,miRNA
URS0000D7C8DE/Brevundimonas,1.919594168692347,3.691390757900333,5.228256175510451,5.8780559073332705,6.15188201399989,miRNA
URS0000D7E1AA/Streptomyces,1.6470696649363588,3.0823273091267605,4.003055907333275,4.670017603477633,4.932138039759378,miRNA
URS0000D81E15/Massilia,1.914059266392092,3.7969581061241446,5.191683171481307,6.041689321790935,6.436605434317896,miRNA
URS0000D845F5/Streptomyces,1.7201433068550065,3.1346002831250757,4.283952766823871,4.993391529870108,5.308771516813203,miRNA
URS0000D8E4B4/Jiangella,1.94658069975005,3.7685482519916627,5.284324672154387,5.9916983460815025,6.26577592881054,miRNA
URS0000D8EE36/Massilia,1.8932129160974744,3.702031966421432,5.255512958715349,6.135827897083015,6.458344564752678,miRNA
URS0000D8F021/Frankia,1.647069664936359,3.0845410436446516,4.215311532225102,4.804507667524724,5.037401197654114,miRNA
URS0000D91E04/Streptomyces,1.7567455291429805,3.3964287585139274,4.67765046013582,5.460891202661058,5.948896211882393,miRNA
URS0000D96D3E/Massilia,1.8730756323120452,3.6759753679074594,5.109272563564256,5.997676699687272,6.241084570785849,miRNA
URS0000D97C78/Curtobacterium,1.882774076985519,3.6297056057565813,4.954783547037796,5.604108891685206,5.825164052322357,miRNA
URS0000D9DBA2/Propionibacteriaceae,1.800810589168269,3.522497859219168,4.912891883921731,5.793348803319423,6.207073613969016,miRNA
URS0000DA09F0/Streptomyces,1.8648528339920991,3.6560664048242373,5.134309996813701,5.928055907333271,6.227831381088497,miRNA
URS0000DA17D4/Massilia,1.904389767435144,3.784473560889511,5.2765147507476575,6.033572251875197,6.480083695187462,miRNA
URS0000DAA1C0/Arthrobacter,1.8941824683306638,3.6500660980704036,4.747191429566853,5.186704345910023,5.333241498888144,miRNA
URS0000DB1C83/Tsukamurella,1.8862058375300408,3.636998562174661,5.0022921121225545,5.76542019046704,6.047291203466793,miRNA
nameseq,k1,k2,k3,k4,k5,label
URS00006267D0/Sphingomonas,1.9063185616180998,3.6895685373080838,5.065146118619583,5.986859554513293,6.323067982273669,pre_miRNA
URS000062767A/Oceanicaulis,1.972001123071557,3.763482492855787,5.283027127429594,6.117466732726765,6.5238317164826185,pre_miRNA
URS0000628C6D/Streptomyces,1.8663603190798261,3.568891117754056,4.80688381411707,5.45560328126321,5.775641766914063,pre_miRNA
URS0000641C54/Sphingomonas,1.8950256698812185,3.5747379567389888,4.974610940143776,5.850932689530376,6.194576568527848,pre_miRNA
URS000064442F/Orientia,1.8836141552209593,3.729307048215905,5.444617666751102,6.6851707262549365,7.3187011907648145,pre_miRNA
URS0000644F33/Deinococcus,1.6500417744483682,3.0681793300876357,4.204827608309817,4.896820539042672,5.333241498888144,pre_miRNA
URS0000659E8A/Sphingomonas,1.8749291987202372,3.5536965955648463,4.899778283633509,5.758272344241082,6.241209564709832,pre_miRNA
URS000065AB21/Spirosoma,1.9584978596535234,3.787239621713533,5.3508932907395454,6.208966082694615,6.560181632115883,pre_miRNA
URS0000664CD3/Spirosoma,1.980597440991727,3.801126837779657,5.297718438577403,6.126752617141166,6.501505360223562,pre_miRNA
URS000066A14B/Spirosoma,1.9787603871519088,3.7053692674510805,5.179980015474614,5.911989537508212,6.266036398440457,pre_miRNA
URS0000671A39/Sphingomonas,1.8533873434053612,3.588547666047063,5.143355649021106,6.0950831585681575,6.553380843808108,pre_miRNA
URS0000678D93/Amycolatopsis,1.7782364069074863,3.415041623556069,4.60662687937299,5.471354487013932,5.942021690438196,pre_miRNA
URS0000626327/Pseudomonas,1.920776850789301,3.781454244090827,5.271525070581658,5.949293242973566,6.244685053784766,pre_miRNA
URS00006F9B91/Streptomyces,1.9820809892894808,3.6492553971684996,4.814515083113467,5.405141986394978,5.644207777284676,pre_miRNA
URS000068AB10/Sphingomonas,1.850581972418579,3.568593909988492,5.047922156945623,6.09566054882117,6.561864565285163,pre_miRNA
URS00006905AC/Sphingomonas,1.81092239142937,3.34995965809191,4.776372925759742,5.806339205352699,6.383856189774738,pre_miRNA
URS0000693689/Sphingomonas,1.8563282744604859,3.5088763329556425,4.988711745462722,5.9797033143064295,6.376307314753103,pre_miRNA
URS0000694075/Isoptericola,1.8233267966739835,3.4773818630203905,4.739927578836447,5.601893984232555,6.021928094887359,pre_miRNA
URS00006AAA9E/[Cellvibrio],1.8358567438937174,3.572659459370896,5.0022921121225545,5.68542019046704,6.020264176439766,pre_miRNA
URS00006C0954/Desulfovibrio,1.8083798692960271,3.4917406694529367,4.911977950547762,5.850282031835944,6.2671725819923845,pre_miRNA
URS00006C2D07/Sphingomonas,1.8987428295114666,3.6949145417628935,5.158750561782337,6.057181346852249,6.432915566888776,pre_miRNA
URS00006C424C/Janibacter,1.9932723150027822,3.7942893706388854,5.2397635917101475,5.99162887726327,6.216664000133957,pre_miRNA
URS0000ABE4C9/Alicyclobacillus,1.95103836952212,3.5727652522052344,4.479771633837222,5.178906193215368,5.747648064912953,pre_miRNA
URS00006CE428/Ktedonobacter,1.987874885448065,3.7995951611035603,5.273480626696362,5.9508404349299635,6.271928094887357,pre_miRNA
URS0000AEF85E/Eubacterium,1.9714132784592944,3.1944653520516666,3.980460168557137,4.587694664470843,5.117195617251966,pre_miRNA
URS00006CB858/Streptomyces,1.8608911368898944,3.6018463223804313,5.101798041898903,5.793537473437407,6.031272888738044,pre_miRNA
URS0000B04871/Nitrosomonas,1.9372494333173327,2.5826575724899494,2.640755829999266,2.700268545832344,2.701603764700854,pre_miRNA
URS00006E654D/Sphingomonas,1.8753943058340432,3.5769432969161503,5.06404537194187,5.990272895264172,6.515801067856487,pre_miRNA
URS00006F7857/Sphingomonas,1.8526273647582014,3.629120537466767,5.045611672880437,5.9279099018611845,6.251014329842811,pre_miRNA
URS00006FF92D/Syntrophobotulus,1.9117916065987244,3.7906171918454015,5.235952014043713,5.867772846491986,6.14214722366454,pre_miRNA
URS000070118B/Desulfovibrio,1.9475527391059606,3.259841932323206,4.286809712375758,4.979611764794021,5.441751126770316,pre_miRNA
URS0000708DA4/Clostridium,1.9992545494588163,3.9493585500718136,5.322847859474411,6.024039318465194,6.320888851350189,pre_miRNA
URS0000702BED/Sphingomonas,1.8294123901773505,3.4748559367986944,4.91824269102485,5.843756241182471,6.382517114501305,pre_miRNA
URS0000710BFC/Desulfitobacterium,1.9891157079707817,3.7426675869425448,5.080985723749145,5.73411648564092,5.986425874087828,pre_miRNA
URS000070E1D1/Streptomyces,1.902622836862053,3.6948250150527873,5.129173311221772,5.942390840629387,6.188864462772827,pre_miRNA
URS0000711607/Sphingomonas,1.8552181260918006,3.6297141129751616,5.140924804764552,6.092173099525903,6.503783493486167,pre_miRNA
URS00007200E3/Sphingomonas,1.8491980079423675,3.5730183836157146,4.924205105428353,5.854206527656228,6.295688357606447,pre_miRNA
URS0000B2061E/Aeromonas,1.9418519758319355,3.331965684075139,4.122235291445094,4.649216677851494,5.12145632062559,pre_miRNA
URS0000B87145/Azospirillum,1.9401581518863378,3.2482007604438734,4.106206295607113,4.713034617999121,5.277167494096163,pre_miRNA
URS000064D943/Hoeflea,1.9105469958473145,3.622787082635711,4.962606571411361,5.707852465371193,6.098115909641827,pre_miRNA
URS000085DF8E/Thiomonas,1.914059266392092,3.0185622451883707,3.4287212922310695,3.5449441298107764,3.606061990515487,pre_miRNA
URS0000EE0D8E/Methylosinus,1.9434855218089675,3.218010399189922,4.185645786191661,4.871345151559067,5.388344697390004,pre_miRNA
URS0000EE5BFD/Rhizobium,1.9443643106620228,3.3330463887096387,4.268892486145719,4.898540237074004,5.4040650162777695,pre_miRNA
URS000168884C/Bradyrhizobium,1.8978888415543662,3.1782265823183553,3.898930301401114,4.478525247949052,5.038037059313553,pre_miRNA
URS00019CAB74/Hoeflea,1.9393201099940893,3.7362164566416487,5.080735677672437,5.727147149196293,6.076787774694359,pre_miRNA
URS00019D3619/Paenibacillus,1.9433784214073258,3.0995194002771416,3.979301875666583,4.522781999573926,4.902805473874358,pre_miRNA
URS0001D405D3/Novosphingobium,1.8774682879978284,3.4475972287210492,4.77458221848304,5.441089938851826,5.895920098022601,pre_miRNA
URS0001D59180/Novosphingobium,1.866456380236221,3.427767818843017,4.7597854710274685,5.449584685405562,5.89889785249081,pre_miRNA
URS0001D83F4C/Novosphingobium,1.9207768507893013,3.514051332228545,4.779238617440161,5.5363888824581355,5.968099465498564,pre_miRNA
URS0001EE224C/Mucilaginibacter,1.893463951627805,3.6932204571557383,5.116115237818326,5.783549936406086,6.014997302659258,pre_miRNA
URS0001FAD0CE/Novosphingobium,1.9240267936978097,3.5010084072724794,4.919021627460451,5.539789207186014,5.907140190610148,pre_miRNA
URS00020B3722/Rhizobacter,1.950200788698329,3.738244156314774,5.173913140418142,5.832784624056921,6.079538949531787,pre_miRNA
URS000218FA5D/Geodermatophilus,1.8384295813969564,3.579415258010194,5.027888376791202,5.881703833780846,6.191701854736466,pre_miRNA
URS0002191314/Nocardioides,1.915248526710747,3.7480628698612115,5.317502082075913,5.888303562766164,6.079979171431824,pre_miRNA
URS00021A5510/Sphingomonas,1.8537390785225685,3.6063714491907968,4.935002763001483,5.762980205811214,6.117627780662392,pre_miRNA
URS00021B3E0C/Burkholderia,1.9173559670192444,2.641363841296679,2.6417156942054745,2.6422401472745785,2.6429446226805036,pre_miRNA
URS00021B574C/Sphingopyxis,1.7842863910390103,3.4455859413679315,4.798888111055638,5.73999091739217,6.16521578905343,pre_miRNA
URS00021B6D5D/Frigoribacterium,1.8136777895076397,3.4828067016752753,4.897883316941906,5.708558023713833,6.1013452575208476,pre_miRNA
URS00021BBCF7/Sphingomonas,1.871252836340987,3.6527836324084513,5.133029590014909,6.244999224615152,6.607789581884231,pre_miRNA
URS00021C4435/Sphingopyxis,1.833359147930659,3.5206125024443833,4.966248772998009,5.787546369312474,6.1937066151672155,pre_miRNA
URS00021C6515/Sphingomonas,1.848578206761113,3.6594618413059514,5.188288449194768,6.141914520155983,6.589416879844142,pre_miRNA
URS00021CDBAD/Sphingopyxis,1.8665038357532733,3.572456499830442,4.99315217236145,5.86611181466656,6.346528337251336,pre_miRNA
URS00021D0566/Allostreptomyces,1.8230495016162371,3.481077147117403,4.780719993079696,5.648009261930201,6.062492001110313,pre_miRNA
URS00021D1193/Longimicrobium,1.9012212662910122,3.6917390623941375,5.196629801657279,6.006277259590759,6.20184123230257,pre_miRNA
URS00021D67C7/Microbacterium,1.8820451081368619,3.6611320085214034,5.159017018794101,6.085229077009513,6.277613436819124,pre_miRNA
URS00021DCD2B/Frigoribacterium,1.7602936901099087,3.219521115341683,4.585903293684773,5.579387623909485,6.104443620445361,pre_miRNA
URS00021DD87A/Arthrobacter,1.8463960959206025,3.601099152786775,4.981063405588472,5.742155997455595,6.055663132640484,pre_miRNA
URS00021E8BB2/Spinactinospora,1.7726852128364856,3.4348184324892133,4.728972140861002,5.593271415218384,6.043568731230686,pre_miRNA
URS00021EA957/Geodermatophilus,1.8034746422919716,3.5164428730363793,5.0122017500764375,5.8044117324781155,6.1822683470095825,pre_miRNA
URS00021EBBE3/Streptomyces,1.9081767272753916,3.6285854325449343,4.84774592837685,5.436511922037248,5.752364563462933,pre_miRNA
URS0002272977/Streptomyces,1.863172374954004,3.554844908363891,4.942079226894547,5.799327156925189,6.182382255944327,pre_miRNA
URS0000AD9947/Acetitomaculum,1.9423845624073652,3.319236682742667,4.206134263730462,4.714696838363661,5.128181078248456,pre_miRNA
URS0000ADE622/Ruminococcus,1.9131231081466045,3.1604600188335983,3.9842345712296328,4.600356755263502,5.107748440964288,pre_miRNA
URS0000AE3423/Pseudobutyrivibrio,1.9423694601768864,3.2556952955175364,4.041294434244619,4.546760887679438,4.972849423775458,pre_miRNA
URS0000AEAAAF/Paenibacillus,1.9071670332945234,3.1778025549137774,4.059872592264399,4.419626483829197,4.70861851054772,pre_miRNA
URS0000AF2612/Pseudobutyrivibrio,1.9131231081466045,3.2551602525524204,4.095287119253154,4.7044676128149305,5.2511853253400425,pre_miRNA
URS0000B0EDE3/Azotobacter,1.925454644666694,2.9555277637015043,3.204182012266337,3.2317274150043125,3.260106234861588,pre_miRNA
URS0000B20B4E/Paracoccus,1.949082295352821,3.2745560558662095,4.192822593870502,4.702319968296436,5.05336216294635,pre_miRNA
URS0000BE12C5/Actinobacteria,1.7747814953012917,3.308036191274607,4.306732207121423,4.852855596281597,5.061482186720775,pre_miRNA
URS0000BE1525/Streptomyces,1.9474776902922422,3.710708481062383,5.011206750423748,5.6767336819377725,5.980733034997635,pre_miRNA
URS0000BE1B66/Sphingomonas,1.7877508647740854,3.52613312742888,4.944824737056593,5.777495960632317,6.215069011092754,pre_miRNA
URS0000BE2761/Actinoplanes,1.8365948460450339,3.5668670534355957,4.797403719351045,5.577202626207862,5.978055907333272,pre_miRNA
URS0000BE28D6/Streptomyces,1.835730268353037,3.6428542123187584,5.179627120071684,5.939794830428202,6.208479141939178,pre_miRNA
URS0000BE2F54/Sphingomonas,1.7985834009517645,3.4836510711722544,4.873049946850829,5.6449692505126645,6.0032583347756505,pre_miRNA
URS0000BE361E/Sphingomonas,1.8614657149943865,3.634873333365938,5.151895371261807,6.056137554335415,6.511303590831964,pre_miRNA
URS0000BE3835/Curtobacterium,1.8300517108043621,3.522521638291953,4.9506257117052215,5.906092579735363,6.327909901861181,pre_miRNA
URS0000BE5020/Sphingomonas,1.833105772290664,3.5307088193442553,4.865675262485106,5.738342782439463,6.155548692057128,pre_miRNA
URS0000BE5F59/Sphingomonas,1.8688870995294167,3.6796157774258367,5.216635958202468,6.166511729996728,6.524145596079849,pre_miRNA
URS0000BE62E7/Sphingomonas,1.8692860618098637,3.6686937154407686,5.1990405094491035,6.116628820110372,6.532665279941237,pre_miRNA
URS0000BE6429/Sphingomonas,1.8569575623035193,3.6550539908153543,5.233234434122133,6.12217107512553,6.482637435695261,pre_miRNA
URS0000BE6735/Sphingomonas,1.8544504934480015,3.603342749233104,5.1049169290302485,5.980868126725868,6.418912081901267,pre_miRNA
URS0000BE781E/Sphingomonas,1.9039582385966478,3.7478350081325122,5.0672642140122885,5.759166717361714,6.132671533385448,pre_miRNA
URS0000BE79F2/Sphingomonas,1.8063127204946765,3.5321284887094175,4.93880079723085,5.877564284943829,6.338903210966856,pre_miRNA
URS0000BE7B71/Sphingomonas,1.8544194360366402,3.6012103403868245,5.0308693144515235,5.8690483783770215,6.228038932945218,pre_miRNA
URS0000BE82D5/Bradyrhizobium,1.9184392813965583,3.7463894269808957,5.145647368595543,5.919443824176215,6.223580624294539,pre_miRNA
URS0000BE9662/Sphingopyxis,1.845073960192917,3.5915382234278446,5.028213401828789,5.759943428983954,6.173173316863034,pre_miRNA
URS0000BE9AD0/Sphingomonas,1.820879745078416,3.5405070991883703,4.98774711688923,5.833798364390921,6.282852146288546,pre_miRNA
URS0000BEAFF2/Deinococcus,1.9925428763224335,3.882857176318514,5.384693010583728,6.0435537065883205,6.246928094887356,pre_miRNA
URS0000BEB739/Anaerosporomusa,1.9856273782588296,3.830888202762976,5.268319292767693,6.003055907333271,6.227831381088498,pre_miRNA
URS0000BEB76A/Sphingomonas,1.8153862656497717,3.5768576723810184,5.060310751980055,5.942092983541154,6.341700787970692,pre_miRNA
URS0000BEBBB1/Sphingomonas,1.8352168490951226,3.502824692361507,4.994686984506005,5.851904869603345,6.352490161774767,pre_miRNA
URS0000BEC6A5/Sphingomonas,1.838956354544964,3.642200456448879,5.144332737704215,5.913013971227437,6.340069011092755,pre_miRNA
URS0000BECEE6/Sphingomonas,1.8515652764866086,3.60433920773611,5.1584542666459505,6.082510270963305,6.45349081844537,pre_miRNA
URS0000BED9F9/Deinococcus,1.917362493832703,3.7369001931854315,5.013199827620865,5.86805697865961,6.014997302659255,pre_miRNA
URS0000BEDF5C/Sphingomonas,1.8624221286525107,3.6103042347023857,5.121633092291262,5.9946515816760035,6.383856189774738,pre_miRNA
URS0000BEE2C5/Methylobacterium,1.8685495065295221,3.665125757492543,5.1784760329809325,6.131025838690179,6.526017645233247,pre_miRNA
URS0000BEE9FA/Sphingomonas,1.805824814135181,3.5554749586711587,5.052706699178756,6.0411349952256,6.345610424011262,pre_miRNA
URS0000BEF037/Sphingomonas,1.7797534960182315,3.4795741961429862,4.7989835283929105,5.7190645576622465,6.158519762996334,pre_miRNA
URS0000BF096B/Sphingomonas,1.7623032799686076,3.373305550845771,4.776586819160257,5.687239388445062,6.1604324225736224,pre_miRNA
URS0000BF0A88/Sphingomonas,1.9005098795545146,3.717021817105674,5.293578091969283,6.073621288502802,6.425186429662996,pre_miRNA
URS0000BF12CF/Microbacterium,1.8867250129572541,3.574331715175608,4.995981998621198,5.7933726879896765,6.071928094887358,pre_miRNA
URS0000BF40F4/Streptomyces,1.8278507257347179,3.488475478599089,4.887078467178801,5.669320066295377,5.960829351489997,pre_miRNA
URS0000BF48FD/Streptomyces,1.8818114550775689,3.671040499668831,5.17110567571921,5.92192809488736,6.2531478367846995,pre_miRNA
URS0000BF526C/Sphingomonas,1.8392568581476934,3.581670505535094,5.029442381066009,5.873839809200309,6.191806865449652,pre_miRNA
URS0000BF6027/Kocuria,1.8631524236525796,3.627774523012058,5.054178994279855,5.893111720503556,6.211210541203451,pre_miRNA
URS0000BF6D1B/Tetrasphaera,1.8754818844150722,3.629320825246091,5.1212059137042125,6.037311520756812,6.3685225277282145,pre_miRNA
URS0000BF7A47/Mobilicoccus,1.816623279801002,3.5310734387318616,4.924277255798653,5.833523380806728,6.277952109328105,pre_miRNA
URS0000BF7F0C/Novosphingobium,1.8784668519091396,3.6831352795211965,5.139424167488162,5.856219759565306,6.145235428705385,pre_miRNA
URS0000BF837D/Oerskovia,1.8183327112437668,3.607413463938104,5.073913212347579,5.793372687989675,6.087492001110314,pre_miRNA
URS0000BFADF4/Sphingomonas,1.811479654746425,3.5263842649971617,4.892120876408301,5.739442765976394,6.222080354484416,pre_miRNA
URS0000BFB0F6/Arsenicicoccus,1.9501213046861536,3.8040121107363976,5.294528589760458,6.026807588956897,6.218275843086428,pre_miRNA
URS0000BFC365/Streptomyces,1.839984791336502,3.630938892699639,4.994253834595877,5.728618212707742,6.112492001110313,pre_miRNA
URS0000BFC90D/Litoreibacter,1.9013232059229814,3.7305738273193354,5.329498261293897,6.165450343342838,6.436605434317896,pre_miRNA
URS0000BFC939/Sphingomonas,1.8643401167688323,3.6234412882018208,5.049521993878521,5.897723492008171,6.324089259690608,pre_miRNA
URS0000BFDA12/Sphingopyxis,1.8137443162164433,3.517559270289426,5.028018558034144,5.896854127982897,6.240218243074192,pre_miRNA
URS0000C0074F/Sphingopyxis,1.8819975176980241,3.642005483938004,4.852283400070794,5.634698532937081,6.0330203069286705,pre_miRNA
URS0000C017E4/Streptomyces,1.7309263775906008,3.3537691076490117,4.643217441607747,5.662521013133422,6.070656113151928,pre_miRNA
URS0000C02D48/Sphingopyxis,1.8174659643333961,3.55808231729447,5.003144940981581,5.909314069421595,6.369811884931545,pre_miRNA
URS0000C031A2/Rathayibacter,1.9057970536161715,3.7324093232854483,5.257039581714743,5.988470754538936,6.290467286835232,pre_miRNA
URS0000C05095/Devosia,1.996651418648011,3.86928761266625,5.351325347836894,6.280268479226401,6.579003561959699,pre_miRNA
URS0000C08AB5/Devosia,1.916886263260681,3.703067295271144,5.233791214247623,5.9475507464988535,6.26269239083963,pre_miRNA
URS0000C097DC/Devosia,1.9206944203585619,3.749932499717969,5.208078704206734,6.072368749488252,6.3319704643745265,pre_miRNA
URS0000C0B148/Mycobacterium,1.7824441294066888,3.4884196708320174,4.660058196536774,5.300108335577367,5.832923345975966,pre_miRNA
URS0000C0EC20/Janthinobacterium,1.9322718445550198,3.8261809233891597,5.4537822467711035,6.368867779509064,6.661978179679561,pre_miRNA
URS0000C0F09D/Pseudomonas,1.9673291584258517,3.8583945258277668,5.4442166928620255,6.1928867240180505,6.431631929387607,pre_miRNA
URS0000C10B45/Bifidobacterium,1.9878158609269008,3.8850823349238794,5.006095906746519,5.457198854174163,5.703061851456711,pre_miRNA
URS0000C1AA4D/Pseudomonas,1.9901637453121062,3.816350155807778,5.196491913897084,5.895578939635092,6.153237909358148,pre_miRNA
URS0000C22E75/Bifidobacterium,1.9983191183262994,3.897847356109441,5.099983877723435,5.498939573903913,5.714675505336149,pre_miRNA
URS0000C281DA/Nitrospirae,1.9854393431944424,3.896053968724804,5.264149158949313,5.71875,5.945533891753889,pre_miRNA
URS0000C28DE7/Bifidobacterium,1.8907621839335276,3.6014651731440814,4.997558856467336,5.885112915069257,6.356403439804587,pre_miRNA
URS0000C35532/Hymenobacter,1.987022202887855,3.8056612856070298,5.382428316806359,6.291008983368105,6.713984272149719,pre_miRNA
URS0000C481A2/Pontibacillus,1.9438685404329201,3.8279898128125627,5.161076766790433,5.720772463993187,5.899890966218529,pre_miRNA
URS0000C49401/Pseudomonas,1.9754422583456233,3.8164236672559393,5.21827504883217,5.909112771133317,6.197193953314191,pre_miRNA
URS0000C5A4BE/Clostridium,1.9794481002919357,3.624231829031949,4.976037217848033,5.812011885573956,6.121928094887357,pre_miRNA
URS0000C612E3/Nitrospira,1.9178707077011719,3.746198818938282,5.090157468526514,5.8513352362726385,6.167010496711774,pre_miRNA
URS0000C76CF7/Nocardia,1.9819439265099401,3.8596726687029053,5.432402913786355,6.138039809496135,6.290467286835232,pre_miRNA
URS0000C8A37D/Hymenobacter,1.96549005597393,3.80950272158058,5.40868527340335,6.185745825473367,6.554692236751487,pre_miRNA
URS0000CB17AE/Pseudobutyrivibrio,1.950384960446565,3.2061331630178844,3.895280712205448,4.420661682238214,4.879639976903325,pre_miRNA
URS0000D4AADA/Ruminococcus,1.9343611561003797,3.1392787212351982,3.8525127253101745,4.3970812452410595,4.898056359757672,pre_miRNA
URS0000D54FCF/Herpesvirus,1.9975320648156856,3.738921102025689,4.867456758861196,5.532665279941245,5.652448756449988,pre_miRNA
URS0000D558FD/Herpesvirus,1.9870041618862921,3.7448557098010418,5.035549713367314,5.569702316978282,5.690184605506592,pre_miRNA
URS0000D55E2F/Herpesvirus,1.9329931420869773,3.5563177616584625,4.782639243749495,5.440361758939866,5.643776391052357,pre_miRNA
URS0000D785C6/Micromonospora,1.9345220804464223,3.577367505924593,4.998728057370606,5.897511230204446,6.288092571562528,pre_miRNA
URS0000D79142/Jiangella,1.948201928777465,3.7618023029213337,5.141105590449129,5.778000928757122,6.096928094887357,pre_miRNA
URS0000D7A3F3/Sphingopyxis,1.9733286397427887,3.8636629030736405,5.144934228915905,5.727584590601651,5.945294495212262,pre_miRNA
URS0000D7AD65/Sphingomonas,1.8745062092229683,3.6896851164584437,5.16299310752365,5.9517481607522225,6.273349455962962,pre_miRNA
URS0000D7CEA0/Acidobacteria,1.8238385486485815,3.48744806186155,4.787291845722775,5.511006185100007,5.952068885528922,pre_miRNA
URS0000D7D9E8/Hymenobacter,1.9941168736808206,3.914187163534685,5.520463544965815,6.144092921136081,6.379753126795123,pre_miRNA
URS0000D7E2C7/Pseudonocardia,1.7693322778255325,3.4917090124173904,4.90193480134684,5.724579651459151,6.0954853571625565,pre_miRNA
URS0000D7E4C0/Sphingopyxis,1.849389511300278,3.6361741388157163,5.075083438148648,5.7962232371534315,6.1937066151672155,pre_miRNA
URS0000D7FA9B/Jiangella,1.9233016188311134,3.7130229616710695,5.242038226319122,6.0068826448356045,6.26577592881054,pre_miRNA
URS0000D80279/Massilia,1.927722606741443,3.7666908160330386,5.292558560209252,6.249417517390476,6.652817498834245,pre_miRNA
URS0000D80425/Sphingomonas,1.9267903957513197,3.724354104068861,5.258726817657518,6.081181986173262,6.529652214685176,pre_miRNA
URS0000D8052E/Betaproteobacteria,1.999276350686467,3.9380599413492057,5.526082629390294,6.312083307636564,6.539399601563661,pre_miRNA
URS0000D83EA8/Sphingomonas,1.8290529766088068,3.575754900557187,4.940005285623846,5.733437466109756,6.112492001110314,pre_miRNA
URS0000D85B57/Tessaracoccus,1.9180542708619466,3.739169193426545,5.181658181549744,6.0124920011103145,6.278464292480902,pre_miRNA
URS0000D86A8F/Sphingopyxis,1.9207866509978277,3.7065991950537196,5.255273279477447,6.188606838792752,6.6156110577997405,pre_miRNA
URS0000D88C5D/Arthrobacter,1.9839017515703579,3.883817280133937,5.294653473544343,5.846792541978949,6.032784624056922,pre_miRNA
URS0000D8AC48/Massilia,1.936849779159199,3.7648582096654457,5.260453314531416,6.079428837966489,6.480083695187461,pre_miRNA
URS0000D90A97/Actinomycetales,1.879848551310506,3.6097397436923675,5.061331408671404,5.888177260141941,6.170450801213727,pre_miRNA
URS0000D91301/Desulfotomaculum,1.968914894995096,3.683023849040751,4.994995157531137,5.81930504062988,6.04281966677561,pre_miRNA
URS0000D91B42/Streptomyces,1.8307962856164737,3.4796213004879384,4.7870428120319035,5.648594764300199,6.0032583347756505,pre_miRNA
URS0000D92845/Arthrobacter,1.918190373742756,3.7183022660337537,5.063165750257992,5.778536118041785,6.031272888738045,pre_miRNA
URS0000D949AA/Mycobacterium,1.9041469952927388,3.5405893906603247,4.643133402818678,5.155718577767724,5.3598025336783675,pre_miRNA
URS0000D94D89/Actinophytocola,1.8215857125228494,3.5102814859209572,4.833667260994603,5.586308308439423,5.997242547160314,pre_miRNA
URS0000D95B23/Acinetobacter,1.9300583952006223,3.8164797349409696,5.483437443346215,6.550362796807055,6.933813890331219,pre_miRNA
URS0000D962D8/Massilia,1.9043897674351444,3.7226548950110607,5.105069241161346,5.942279509986241,6.436605434317896,pre_miRNA
URS0000D98978/Hymenobacter,1.9841411449071042,3.8979325919232175,5.35905566659458,6.085882804840907,6.28438127291077,pre_miRNA
URS0000D9A81E/Spirosoma,1.977177706499713,3.824106955956766,5.308863237683897,6.185812887167021,6.485112826314973,pre_miRNA
URS0000D9D09D/Rhodococcus,1.7490603243994,3.1710911360493625,4.271598379853424,4.9435929523262025,5.154222184683524,pre_miRNA
URS0000D9EF0E/Verrucomicrobia,1.8948045091093975,3.700597756454737,5.124888033737399,5.961271844669834,6.209174950367891,pre_miRNA
URS0000D9F2CD/Brevibacterium,1.847766660569819,3.564439361178176,5.028389311662503,5.782243907394998,6.006387697920453,pre_miRNA
URS0000DA1361/Acidobacteria,1.9776958298074996,3.886308197025739,5.296898003935825,6.117210992052321,6.434964388578892,pre_miRNA
URS0000DA2D0D/Deltaproteobacteria,1.9290861889899793,3.7441322241959165,5.284324672154387,6.02206694358971,6.241084570785849,pre_miRNA
URS0000DA4895/Actinomadura,1.900990312370248,3.6434523516558115,5.0472136306594075,5.832272907237248,5.930060120720765,pre_miRNA
URS0000DA519A/Streptomyces,1.7520394931180518,3.322808216674125,4.610577243331645,5.390272895264166,5.680813428089393,pre_miRNA
URS0000DA719C/Devosia,1.8454488059008165,3.558465255266287,5.0483357121159225,6.013466435901292,6.521640636343309,pre_miRNA
URS0000DA7266/Pseudomonas,1.9792600367470863,3.9387029757750187,5.6527384163031735,6.506356702228328,6.786631832315924,pre_miRNA
URS0000DA7307/Microbacterium,1.8433802673538209,3.5230693145732466,4.8881212850845,5.785747385510661,6.172716196948414,pre_miRNA
URS0000DA8C51/Methylibium,1.829494198773672,3.538400963548237,4.859901560811649,5.737322779818595,6.109979190383076,pre_miRNA
URS0000DAAB30/Massilia,1.946076894758996,3.8186270591927705,5.282923585141589,6.152625832082736,6.55920158176168,pre_miRNA
URS0000DAB279/Hymenobacter,1.9649327970445754,3.865346882060396,5.496515818151298,6.292475464499309,6.5393996015636615,pre_miRNA
URS0000DAD334/Pseudonocardia,1.8373281678735702,3.362998991003728,4.676703834384807,5.693374348852516,6.1280559073332705,pre_miRNA
URS0000DADC5D/Thioalkalivibrio,1.8322139527410233,3.471293606935746,4.908027954164934,5.797333181063548,6.167081426883206,pre_miRNA
URS0000DB1A18/Planctomycetaceae,1.9812071857951552,3.7302912514365416,5.106198332810096,5.879606381033726,6.157197090657128,pre_miRNA
URS0000DB1AFC/Hymenobacter,1.8656090733539958,3.171790192364634,4.275190826307772,4.915584147802569,5.287844793048885,pre_miRNA
URS0000DB4C1A/Massilia,1.9235705853946994,3.7736241563359734,5.226521920921619,6.05939274380502,6.531925467878876,pre_miRNA
URS0000DB5059/Arthrobacter,1.946017631858372,3.8502123808696056,5.315944039097259,5.942390840629389,6.162890436798801,pre_miRNA
URS0000DB5623/Microbacterium,1.9162041492195885,3.6127916747917124,5.040700621026848,5.902103695211073,6.297079327540665,pre_miRNA
URS0000DB61A1/Massilia,1.920196524680745,3.771634682130112,5.420069376832714,6.407326862113684,6.652817498834245,pre_miRNA
URS0000DB649E/Streptomyces,1.840259661827243,3.5367627403507838,4.894061026738573,5.702021690438197,6.020264176439766,pre_miRNA
URS0000DC1BE2/Acidovorax,1.9234567355318393,3.178148891916262,3.7888996927078944,3.9446610795628123,4.050866086775223,pre_miRNA
URS0000DF4502/Bacillus,1.9726218488396134,3.23726471881818,4.073067494844347,4.665654274380126,5.1837969455550414,pre_miRNA
nameseq,k1,k2,k3,k4,k5,label
URS00021A1CF1/Rhizobium,1.8554152782072264,3.5594127133538316,4.723530928674887,5.452999370949568,5.860541181420972,miRNA
URS0000BFE8E2/Cellulomonas,1.7509245718880009,3.349275070710713,4.604306272598331,5.168295834054493,5.384376085720193,miRNA
URS00021A4D13/Rhizobium,1.8528138379267753,3.50742109999317,4.999367028125432,5.73536237036621,5.990903552187204,miRNA
URS000042D190/Thiovulum,1.9363837240181137,3.727532569579322,5.0841347779281225,5.897511230204446,6.225650756112094,miRNA
URS0000D17674/Pseudomonas,1.9955026576292556,3.8959949474364843,5.294502813635457,6.134272096312448,6.431631929387606,miRNA
URS00015DACAF/Calothrix,1.9868448293020784,3.8299303862338703,5.210764573772793,5.776213966874613,5.9375,miRNA
URS0002198906/Sphingobium,1.9634369390767952,3.865757165561631,5.458782172200352,5.926427859887896,6.0330203069286705,miRNA
URS0000CD4849/Chitinophaga,1.8707541402806818,3.606023582109534,4.898902710092937,5.793282581901291,6.261931670780534,miRNA
URS0000150FA2/Capnocytophaga,1.9213233722776089,3.6763309951861745,5.1278002981245745,5.930602387770942,6.261931670780533,miRNA
URS00021CC6AA/Sphingomonas,1.9140396348885544,3.4820258273368103,4.919021627460451,5.516259795421308,5.907140190610148,miRNA
URS0000E585FE/Stenotrophomonas,1.997922924510483,3.897967136002249,5.3708102853343265,6.175116717458951,6.300340709546395,miRNA
URS0000D98971/alpha,1.9256859869821297,3.744090181595577,5.179748946841192,5.92992167140637,6.225650756112094,miRNA
URS0000EE73AD/Larkinella,1.930054699342414,3.661478101765801,5.010536928433427,5.673601313385813,5.991628877263271,miRNA
URS0000AFF374/Curtobacterium,1.7507491499876464,3.278964986871633,4.589403222564102,5.497670276487618,5.95208685713371,miRNA
URS00009D4E29/Endozoicomonas,1.9651491057803834,3.847907033443237,5.605640446890567,6.765219832332602,7.300827578928138,miRNA
URS0000C01462/Microbacterium,1.8996647286306865,3.727924359203086,5.076994670937409,5.762397187908815,6.202803532096947,miRNA
URS00000A9208/Pseudomonas,1.9648420551956987,3.8298760355852144,5.360302766681288,6.024914509004036,6.221928094887357,miRNA
URS000029891A/Brevibacillus,1.9841777414384487,3.8850627582325625,5.487813634441776,6.256716511252092,6.496148058419865,miRNA
URS0000CF236C/Massilia,1.9810469246544011,3.762242132189147,5.259292519236022,6.054380872862163,6.358998730439612,miRNA
URS0002248398/Reyranella,1.8702098774333284,3.5766029446831653,4.9042668430628495,5.792888542207537,6.330330476729227,miRNA
URS0000E1AB64/Enterobacter,1.9399273997776705,3.1733058385851884,3.8916877899808187,4.464237070983789,4.871320724393491,miRNA
URS0000C49FE7/Sinomonas,1.9174633495108613,3.62649576096236,4.890020558312619,5.4599625007211605,5.55458885167764,miRNA
URS00008356F5/Tannerella,1.8861001039615126,3.685028642028877,5.139146565819541,5.848418693285158,6.208132064658613,miRNA
URS00021CBE47/Sphingopyxis,1.8667806048575581,3.61133198470446,4.901105664692883,5.695592346323968,6.170450801213727,miRNA
URS0000C0288F/Rhizobium,1.859465821460336,3.61412187591811,5.116136446992132,5.879749171330011,6.088629625108201,miRNA
URS0001D72086/Novosphingobium,1.8942012464516615,3.379277668140514,4.5301475339829596,5.176966450293687,5.685363204204596,miRNA
URS00021BEF76/Sphingomonas,1.9210753160566991,3.7745168669944857,5.425099300603443,6.358743919003385,6.7172665330905055,miRNA
URS00021AB608/Sphingopyxis,1.7621407688582762,3.45199519204651,4.878084851636487,5.698634444099719,6.1937066151672155,miRNA
URS0002198786/Sphingopyxis,1.8053110261261864,3.440212620688889,4.749642023127323,5.683873380707259,6.2081846674676395,miRNA
URS0000BEEA4E/Streptomyces,1.868694144123394,3.704144467836509,5.195857098851949,5.857133966577171,5.983788058752401,miRNA
URS00001AA81F/Capnocytophaga,1.9464294870564356,3.8544677397126406,5.564651155525637,6.498486300742989,6.771774098575833,miRNA
URS000219822E/Rufibacter,1.8674902082700768,3.6552876564463834,5.011184179450872,5.635854923431238,5.889680181354615,miRNA
URS00021B3C01/Rhizobium,1.9105388846757423,3.761789718003687,5.396503242676348,6.396938558432873,6.900855885139864,miRNA
URS00021E9BD3/Sphingomonas,1.8840803856470676,3.65004865244709,5.1548817677763035,6.118211110383086,6.497532303359796,miRNA
URS0001D5071E/Novosphingobium,1.9153113245890458,3.5146586437352214,4.804934875407435,5.468233465961833,5.882671533385446,miRNA
URS0000D78847/Sphingomonas,1.8885929960437686,3.660730025418566,5.031833197332404,5.816430660544517,6.138039809496137,miRNA
URS0000D4F3F3/Flagellimonas,1.9699000226227197,3.0841837197791886,3.6818808028034047,3.9477027792200903,3.969815782426811,miRNA
URS00021BE5B2/Novosphingobium,1.890391221502819,3.4490485566573983,4.7729374673496245,5.367190221052914,5.776946632978614,miRNA
URS0000BFE0FF/Sphingomonas,1.8214561038492887,3.5979099825384497,5.121561394596845,6.053508854797681,6.380381924120421,miRNA
URS0000D06934/Chitinophaga,1.8541452114199917,3.6251293360436754,5.077886724544927,5.823789724946948,6.246281792966514,miRNA
URS0000AED495/Curtobacterium,1.8755332037689942,3.6911503091083966,5.260041333801953,5.666762511321001,5.862575937540279,miRNA
URS0000DD9BD1/Arenicella,1.9661042392869834,2.810049332812217,3.407327632354638,3.883882560132269,4.362035050885017,miRNA
URS0000BFF04E/Frigoribacterium,1.866359550919101,3.6472011286067727,5.098726367124716,5.847654891560774,6.058051076544463,miRNA
URS0000C02E06/Sphingomonas,1.871558388777773,3.6804019133833488,5.173266522165342,6.1246140904752,6.47634691059895,miRNA
URS00021C38D5/Hymenobacter,1.997336807154562,3.939513745060507,5.605664398238485,6.1369164108247745,6.195295934496223,miRNA
URS0000DDA360/Pseudomonas,1.9991516618226401,3.8846823297552437,5.318613277377072,6.111933101949578,6.388621176699434,miRNA
URS0000E1BD7C/Inmirania,1.9016119773330415,3.6809943135046357,5.06076355369755,5.876221875540869,6.201228766134591,miRNA
URS000013F801/Capnocytophaga,1.958611884194966,3.874880457761765,5.217703635541606,5.999391755511993,6.327909901861181,miRNA
URS00021BAA8D/Sphingopyxis,1.795618752080175,3.4593056300003027,4.942146286280482,5.831179347264929,6.300884461440079,miRNA
URS0000D553A1/Flagellimonas,1.9494643027794054,3.27280432733462,4.021928094887363,4.247927513443588,4.169925001442313,miRNA
URS00021A7552/Rufibacter,1.991122414039628,3.752287521826665,5.2532273499531685,5.9327127957298575,6.162890436798801,miRNA
URS00021D10CD/Sphingomonas,1.9504924233109762,3.7342977070797216,5.23430833595086,5.843619813556228,6.126565558303686,miRNA
nameseq,k1,k2,k3,k4,k5,label
URS0000BF2FA7/Sphingopyxis,1.774026890425013,3.446664968082288,4.813863437381905,5.695592346323968,6.170450801213727,pre_miRNA
URS0000BE6752/Sphingomonas,1.787554092829922,3.4661957843380455,4.858296076940082,5.75716800720391,6.213214130802323,pre_miRNA
URS0000BF8D17/Sphingopyxis,1.8754298251741994,3.6485234910427438,5.118371749678835,5.896854127982898,6.1937066151672155,pre_miRNA
URS0000BE22F3/Mesorhizobium,1.8389771887413007,3.471472110852368,4.758403172703745,5.546218772752466,5.886085959648029,pre_miRNA
URS00006F0512/Spirosoma,1.980659783694953,3.7945068958876185,5.245640457208177,6.092098875504681,6.545578394797065,pre_miRNA
URS0000BE1C2F/Skermanella,1.8736993915851925,3.6661391819918494,5.137219017970926,5.9156526569874925,6.263474057027681,pre_miRNA
URS00020D1C70/Rhizobacter,1.7555810697199392,3.4886408831616236,5.04859246030915,6.109647700975199,6.591682324168044,pre_miRNA
URS0000BEA28D/Sphingomonas,1.8477720417080437,3.6332608169994756,5.132450769230088,5.999505294504449,6.4438561897747375,pre_miRNA
URS0000BF7AE6/Sphingomonas,1.8581315603325486,3.62347049571074,5.0323343633385615,5.791848276893893,6.167069687209996,pre_miRNA
URS00008553BA/Marinomonas,1.9280150640206468,2.810770916634213,2.925699228330032,2.986270708920059,2.989668439990055,pre_miRNA
URS000067D154/Streptomyces,1.8249014757008422,3.6131707945753435,5.069770463892094,5.98388581848531,6.277613436819123,pre_miRNA
URS0000BE5A41/Sphingomonas,1.795313980875609,3.4696776739086785,4.834149636090751,5.75728357721029,6.216307314753101,pre_miRNA
URS00021EB78D/Bradyrhizobium,1.9213783178611021,3.78260402577585,5.251717055071207,5.908571288407704,6.230633374059366,pre_miRNA
URS0000BEF609/Streptomyces,1.7587258877060874,3.4208190927409294,4.618453957701921,5.466578653399667,5.958353821370885,pre_miRNA
URS0000EC6E37/Halomonas,1.916886263260681,2.8455118642691746,3.1075240819166075,3.2784811029457654,3.3968313263437873,pre_miRNA
URS0000C2C55C/Desulfobacterales,1.9592368924940688,2.818502327085625,3.3508028069861897,3.572954472233233,3.664302321441456,pre_miRNA
URS0000BE408A/Agrobacterium,1.8572983091007969,3.5698355392750027,4.974263398351994,5.7860246895590555,6.169547811769953,pre_miRNA
URS0000D889E0/Rhizobiales,1.870598914283612,3.591181256532691,4.981172534064479,5.7150432889770695,6.0499973334672905,pre_miRNA
URS0000E50A96/Oceanibaculum,1.9627643301592599,3.180251686564438,4.012222845910935,4.453461953390018,4.8519187579886305,pre_miRNA
URS0000AE87C8/Eubacterium,1.95103836952212,3.3542149442964746,4.2162222306901445,4.765934451746907,5.244597250374973,pre_miRNA
URS0000D971FC/Massilia,1.9410227466126422,3.842564633637006,5.441844977856661,6.361162905782001,6.613601812559735,pre_miRNA
URS0000BFBC2E/Leucobacter,1.8339455456569849,3.5509140855116037,4.868564731102504,5.632637502697651,6.087492001110314,pre_miRNA
URS0000BFF497/Sphingomonas,1.8800489026064495,3.6779910658783805,5.084432181756237,5.952662034987096,6.318701190764837,pre_miRNA
URS0000D9DEE9/Devosia,1.8339405495671781,3.5064273017673537,4.882719492806367,5.740447096220387,6.089971310991721,pre_miRNA
URS0000D8A657/Sphingomonas,1.8906353455735405,3.687470761206243,5.1957057345255375,5.959916396541587,6.265004357908391,pre_miRNA
URS0000D8E032/Streptomyces,1.7990608162794217,3.3369921465132575,4.608069743929235,5.511826190351653,5.918780730435348,pre_miRNA
URS0000649613/Sphingomonas,1.7905853950497683,3.4228021649792315,4.84314494098158,5.851381367466952,6.328995558400931,pre_miRNA
URS000065B9E4/Streptomyces,1.8547929822794185,3.603443150099787,5.053409983594394,5.841547631034827,6.2545575036360885,pre_miRNA
URS0000D99DA0/Arthrobacter,1.9490605703448785,3.7888995521729534,5.2485365648345335,5.943592952326204,6.244685053784766,pre_miRNA
URS0000AF277C/Paenibacillus,1.9145289701506556,3.0691682376197784,3.9230685322429473,4.579257135629166,5.110374255314137,pre_miRNA
URS0000687A57/Ktedonobacter,1.9910589182582485,3.922850815358735,5.511885277895775,6.190069932630334,6.333241498888145,pre_miRNA
URS0000C0118F/Streptomyces,1.8275944392177679,3.585362560481308,5.006689174965804,5.871526267923511,6.300340709546394,pre_miRNA
URS0000D991C0/Rathayibacter,1.9532384465072585,3.8144359274714383,5.38572392245074,5.996928094887358,6.177198469696093,pre_miRNA
URS00021DF12A/Sphingopyxis,1.8293281955213743,3.567703919431312,5.001727857559628,5.74156935781822,6.147194987260239,pre_miRNA
URS0000B0BC7D/Lachnospiraceae,1.9052245512535397,3.1672520550820473,3.908959792090988,4.423276088030494,4.849581593958708,pre_miRNA
URS0000AC0ECC/Acetitomaculum,1.9086089622410276,3.1484189729133236,3.919036790539758,4.404945606500252,4.820220754777598,pre_miRNA
URS0000BE114D/Sphingomonas,1.8355184951079062,3.522805619394897,4.9457178387332785,5.874113912449814,6.311724922366207,pre_miRNA
URS0000BE58D7/Arenimonas,1.860343945418314,3.5588015133115967,4.928278066801352,5.862949519262169,6.328995558400929,pre_miRNA
URS000068C700/Sphingomonas,1.8633265194522621,3.562716720104032,5.066454439231501,6.0483670727692935,6.492954966978754,pre_miRNA
URS0000D881AF/Streptomyces,1.7604117420757646,3.4087288147411265,4.7854207786488026,5.638309277703407,5.9329082917271005,pre_miRNA
URS0000D83E5C/Microlunatus,1.8056483441999847,3.4123327115359174,4.673915523868164,5.552197126358238,5.994170990538937,pre_miRNA
URS0000680C4C/Sphingomonas,1.8877753109040163,3.482632800920269,4.831040321308008,5.819760479388545,6.3605801873155015,pre_miRNA
URS0000BEB4BE/Sphingomonas,1.914559129456458,3.763433920378966,5.343721331665883,6.213784887427675,6.447408651885218,pre_miRNA
URS0000BE5EA8/Sphingopyxis,1.9638875678796006,3.8547404426599114,5.44506176242632,6.358982493056166,6.734016026087486,pre_miRNA
URS0000D9EAEF/Kocuria,1.839298025113294,3.6024463675845677,5.0928112859207655,5.835823919272671,6.153224108250239,pre_miRNA
URS0000B96FD8/Bacillus,1.9196627389977632,3.322428469687765,4.323251650400805,5.000969834004152,5.512305842582482,pre_miRNA
URS0000BFE61A/Sphingomonas,1.906401220078858,3.7153452220366994,5.154751824198785,6.010703866449223,6.320546298486137,pre_miRNA
URS0000C4B726/Paramesorhizobium,1.982392124900132,3.953293013086276,5.6881637265350555,6.399541531706482,6.603046710098019,pre_miRNA
URS0001DDD6A3/Novosphingobium,1.952343687426453,3.5361942180833537,4.7730627426475865,5.432086482767225,5.841052369680905,pre_miRNA
URS00006F626E/Sphingomonas,1.8488384185627391,3.485666656749808,4.918542206487293,5.857564284943828,6.311076064480358,pre_miRNA
