AB.1,AD.1,ASSD.1,MAXD.1,MIND.1,AS.1,APL.1,TALU.1,TU.1,NE.1,MOT3.1,MOT4.1,A,C,D,E,F,G,H,I,K,L,M,N,P,Q,R,S,T,V,W,Y
46.478260869565226,2.0,-0.04545454545454467,4.0,1.0,0.5107539184552492,5.225296442687747,0.0,0.0,23.0,26.0,33.0,0.08,0.08,0.0,0.0,0.08,0.04,0.0,0.04,0.12,0.04,0.04,0.0,0.04,0.04,0.2,0.04,0.04,0.04,0.08,0.0
15.714285714285717,2.1428571428571437,0.04000000000000024,4.0,1.0,0.6388765649999398,3.4175824175824174,0.0,0.0,15.0,20.0,29.0,0.058823529411764705,0.0,0.0,0.0,0.17647058823529413,0.0,0.058823529411764705,0.058823529411764705,0.4117647058823529,0.11764705882352941,0.0,0.0,0.0,0.0,0.0,0.058823529411764705,0.0,0.0,0.058823529411764705,0.0
76.20833333333333,1.9999999999999998,-0.043478260869565216,4.0,1.0,0.5,7.6268115942028984,0.0,0.0,24.0,27.0,31.0,0.11538461538461539,0.0,0.0,0.0,0.038461538461538464,0.07692307692307693,0.0,0.038461538461538464,0.23076923076923078,0.07692307692307693,0.038461538461538464,0.0,0.0,0.07692307692307693,0.0,0.11538461538461539,0.038461538461538464,0.038461538461538464,0.07692307692307693,0.038461538461538464
74.58333333333333,2.0833333333333326,0.4015957446808507,4.0,1.0,0.6400954789890507,7.4855072463768115,0.0,0.0,25.0,26.0,28.0,0.14814814814814814,0.0,0.0,0.037037037037037035,0.0,0.18518518518518517,0.0,0.07407407407407407,0.14814814814814814,0.14814814814814814,0.0,0.037037037037037035,0.0,0.0,0.0,0.037037037037037035,0.1111111111111111,0.037037037037037035,0.0,0.037037037037037035
77.28000000000002,1.9999999999999998,-0.041666666666667226,4.0,1.0,0.4898979485566356,7.44,0.0,0.0,25.0,28.0,32.0,0.14814814814814814,0.0,0.0,0.037037037037037035,0.0,0.18518518518518517,0.037037037037037035,0.07407407407407407,0.14814814814814814,0.18518518518518517,0.0,0.0,0.0,0.0,0.0,0.07407407407407407,0.07407407407407407,0.0,0.0,0.037037037037037035
43.66666666666668,2.083333333333333,0.13563829787234022,4.0,1.0,0.6400954789890506,4.797101449275362,0.0,0.0,25.0,32.0,48.0,0.2222222222222222,0.0,0.0,0.037037037037037035,0.0,0.18518518518518517,0.0,0.037037037037037035,0.14814814814814814,0.18518518518518517,0.0,0.037037037037037035,0.0,0.0,0.0,0.037037037037037035,0.0,0.07407407407407407,0.0,0.037037037037037035
61.47999999999999,1.9999999999999998,-0.041666666666667226,4.0,1.0,0.4898979485566356,6.123333333333333,0.0,0.0,25.0,28.0,35.0,0.1111111111111111,0.0,0.0,0.037037037037037035,0.07407407407407407,0.14814814814814814,0.0,0.07407407407407407,0.14814814814814814,0.14814814814814814,0.0,0.0,0.0,0.037037037037037035,0.0,0.07407407407407407,0.07407407407407407,0.037037037037037035,0.0,0.037037037037037035
43.9,2.1999999999999997,0.022222222222221904,4.0,1.0,0.6782329983125268,5.621052631578947,0.11403508771929827,0.11538461538461539,22.0,24.0,29.0,125,0.08333333333333333,0.0,0.0,0.08333333333333333,0.041666666666666664,0.0,125,0.08333333333333333,0.20833333333333334,0.0,0.041666666666666664,0.08333333333333333,0.0,0.0,0.041666666666666664,0.041666666666666664,0.0,0.0,0.041666666666666664
18.333333333333332,1.8333333333333333,-0.09999999999999826,2.0,1.0,0.3726779962499649,4.333333333333333,0.0,0.0,11.0,10.0,9.0,0.0,0.0,0.0,0.0,0.23076923076923078,0.07692307692307693,0.0,0.07692307692307693,0.07692307692307693,0.15384615384615385,0.0,0.0,0.0,0.07692307692307693,0.07692307692307693,0.07692307692307693,0.0,0.07692307692307693,0.07692307692307693,0.0
63.333333333333336,1.9047619047619044,-0.052631578947367315,2.0,1.0,0.29354352395090366,7.333333333333333,0.0,0.0,20.0,19.0,18.0,0.22727272727272727,0.0,0.0,0.045454545454545456,0.09090909090909091,0.09090909090909091,0.09090909090909091,0.045454545454545456,0.045454545454545456,0.09090909090909091,0.0,0.0,0.045454545454545456,0.0,0.0,0.0,0.0,0.22727272727272727,0.0,0.0
61.61904761904762,1.9999999999999998,-0.024390243902438265,3.0,1.0,0.3086066999241838,7.161904761904762,0.0,0.0,21.0,22.0,21.0,0.2608695652173913,0.0,0.0,0.043478260869565216,0.08695652173913043,0.08695652173913043,0.08695652173913043,0.043478260869565216,0.043478260869565216,0.08695652173913043,0.0,0.08695652173913043,0.043478260869565216,0.043478260869565216,0.0,0.0,0.0,0.08695652173913043,0.0,0.0
40.0,1.8823529411764703,-0.06666666666666667,2.0,1.0,0.32218973970892123,6.0,0.0,0.0,16.0,15.0,14.0,0.1111111111111111,0.0,0.05555555555555555,0.0,0.1111111111111111,0.1111111111111111,0.0,0.05555555555555555,0.1111111111111111,0.05555555555555555,0.0,0.05555555555555555,0.0,0.0,0.0,0.0,0.1111111111111111,0.2222222222222222,0.0,0.0
52.57142857142858,2.2857142857142856,0.4497354497354499,4.0,1.0,0.8806305718527109,6.257142857142857,0.08771929824561403,0.10714285714285714,24.0,26.0,31.0,0.07692307692307693,0.0,0.0,0.11538461538461539,0.0,0.11538461538461539,0.0,0.11538461538461539,0.11538461538461539,0.19230769230769232,0.0,0.0,0.0,0.07692307692307693,0.0,0.11538461538461539,0.038461538461538464,0.038461538461538464,0.0,0.0
57.0,1.9,-0.05555555555555271,2.0,1.0,0.3,7.0,0.0,0.0,19.0,18.0,17.0,0.047619047619047616,0.0,0.0,0.0,0.047619047619047616,0.09523809523809523,0.047619047619047616,0.0,0.047619047619047616,0.14285714285714285,0.0,0.0,0.047619047619047616,0.047619047619047616,0.23809523809523808,0.09523809523809523,0.047619047619047616,0.09523809523809523,0.0,0.0
22.36842105263157,2.4210526315789482,0.05999999999999986,6.0,1.0,1.183918092547578,3.4853801169590644,0.0,0.0,23.0,33.0,66.0,0.12,0.0,0.0,0.0,0.08,0.16,0.16,0.16,0.08,0.08,0.0,0.0,0.0,0.0,0.12,0.0,0.0,0.0,0.04,0.0
11.538461538461538,2.153846153846154,-0.16666666666666743,4.0,2.0,0.5329387100211931,2.923076923076923,0.0,0.0,14.0,18.0,26.0,0.0625,0.0,0.0625,0.0,0.0625,0.1875,0.0,125,125,125,0.0,0.0,0.0,0.0,0.0,0.0625,0.0,0.1875,0.0,0.0
18.0,2.0,0.0,2.0,2.0,0.0,3.769230769230769,0.0,0.0,14.0,14.0,14.0,0.0625,0.0,0.0625,0.0,0.0625,0.1875,0.0,125,125,125,0.0,0.0,0.0,0.0,0.0,0.0625,0.0,0.1875,0.0,0.0
41.25000000000001,2.5,0.2086909871244632,6.0,1.0,1.3601470508735443,5.342105263157895,0.14074074074074072,0.15384615384615385,25.0,35.0,57.0,0.0,0.0,0.0,0.0,0.14814814814814814,0.07407407407407407,0.037037037037037035,0.037037037037037035,0.25925925925925924,0.18518518518518517,0.0,0.0,0.07407407407407407,0.0,0.1111111111111111,0.037037037037037035,0.0,0.037037037037037035,0.0,0.0
61.33333333333332,2.166666666666667,0.16446124763705075,4.0,1.0,0.7453559924999299,6.333333333333333,0.0,0.0,26.0,31.0,41.0,0.03571428571428571,0.0,0.0,0.0,0.0,0.17857142857142858,0.0,0.21428571428571427,0.10714285714285714,0.10714285714285714,0.0,0.0,0.07142857142857142,0.0,0.14285714285714285,0.03571428571428571,0.0,0.03571428571428571,0.03571428571428571,0.03571428571428571
9.176470588235293,4.352941176470587,0.07151392591230811,16.0,0.0,4.337811544608617,4.029411764705882,0.1292063492063492,0.1323529411764706,37.0,62.0,183.0,0.0,0.0,0.0,0.0,0.1282051282051282,0.02564102564102564,0.0,0.02564102564102564,0.0,0.05128205128205128,0.0,0.0,0.48717948717948717,0.0,0.2564102564102564,0.0,0.0,0.0,0.0,0.02564102564102564
16.4,2.1333333333333337,-0.30407523510971785,5.0,1.0,0.805536398239638,3.342857142857143,0.0,0.0,16.0,23.0,34.0,0.1111111111111111,0.0,0.0,0.0,0.0,0.16666666666666666,0.0,0.05555555555555555,0.1111111111111111,0.3333333333333333,0.0,0.05555555555555555,0.05555555555555555,0.0,0.0,0.05555555555555555,0.0,0.05555555555555555,0.0,0.0
125.60937499999996,2.53125,-0.0057906990627428255,8.0,2.0,1.1452176376130434,4.9875992063492065,0.0,0.0,81.0,160.0,430.0,0.03614457831325301,0.07228915662650602,0.060240963855421686,0.04819277108433735,0.012048192771084338,0.060240963855421686,0.0,0.13253012048192772,0.13253012048192772,0.0963855421686747,0.024096385542168676,0.012048192771084338,0.03614457831325301,0.060240963855421686,0.060240963855421686,0.04819277108433735,0.04819277108433735,0.04819277108433735,0.012048192771084338,0.0
187.0,1.9428571428571426,-0.03030303030302877,2.0,1.0,0.2321153829895989,12.0,0.0,0.0,34.0,33.0,32.0,0.05555555555555555,0.16666666666666666,0.027777777777777776,0.0,0.027777777777777776,0.1111111111111111,0.027777777777777776,0.05555555555555555,0.1111111111111111,0.027777777777777776,0.0,0.027777777777777776,0.027777777777777776,0.05555555555555555,0.027777777777777776,0.08333333333333333,0.05555555555555555,0.027777777777777776,0.0,0.08333333333333333
63.333333333333336,1.9047619047619044,-0.052631578947367315,2.0,1.0,0.29354352395090366,7.333333333333333,0.0,0.0,20.0,19.0,18.0,0.0,0.0,0.0,0.0,0.13636363636363635,0.13636363636363635,0.18181818181818182,0.13636363636363635,0.045454545454545456,0.045454545454545456,0.0,0.0,0.0,0.0,0.09090909090909091,0.0,0.09090909090909091,0.13636363636363635,0.0,0.0
0.25,6.0,-0.002881844380405761,8.0,2.0,2.345207879911715,1.1666666666666667,0.8333333333333333,0.75,12.0,4.0,1.0,0.2857142857142857,0.0,0.0,0.0,0.0,0.0,0.0,0.0,0.42857142857142855,0.2857142857142857,0.0,0.0,0.0,0.0,0.0,0.0,0.0,0.0,0.0,0.0
51.0,1.8947368421052628,-0.058823529411764955,2.0,1.0,0.3068922049918579,6.666666666666667,0.0,0.0,18.0,17.0,16.0,0.1,0.15,0.05,0.05,0.1,0.05,0.0,0.0,0.05,0.05,0.0,0.1,0.05,0.0,0.05,0.05,0.15,0.0,0.0,0.0
22.0,1.846153846153846,-0.09090909090908907,2.0,1.0,0.36080121229411,4.666666666666667,0.0,0.0,12.0,11.0,10.0,0.14285714285714285,0.0,0.14285714285714285,0.0,0.0,0.0,0.0,0.14285714285714285,0.21428571428571427,0.21428571428571427,0.0,0.0,0.0,0.07142857142857142,0.0,0.0,0.0,0.0,0.07142857142857142,0.0
13.07142857142857,2.142857142857143,-0.2947882736156352,6.0,1.0,1.1248582677159729,3.010989010989011,0.1722222222222222,0.11538461538461539,15.0,24.0,42.0,0.0,0.11764705882352941,0.0,0.0,0.058823529411764705,0.11764705882352941,0.0,0.17647058823529413,0.058823529411764705,0.17647058823529413,0.058823529411764705,0.0,0.0,0.058823529411764705,0.058823529411764705,0.0,0.11764705882352941,0.0,0.0,0.0
17.5,2.0000000000000004,-0.04347826086956365,3.0,1.0,0.408248290463863,4.181818181818182,0.2121212121212121,0.23076923076923078,12.0,11.0,10.0,0.0,0.0,0.0,0.0,0.0,0.21428571428571427,0.0,0.21428571428571427,0.07142857142857142,0.35714285714285715,0.0,0.0,0.07142857142857142,0.0,0.0,0.07142857142857142,0.0,0.0,0.0,0.0
25.9375,2375,0.29846153846153867,4.0,1.0,0.8569568250501305,4.458333333333333,0.15555555555555553,0.13636363636363635,19.0,20.0,24.0,0.047619047619047616,0.0,0.0,0.0,0.047619047619047616,0.19047619047619047,0.09523809523809523,0.047619047619047616,0.0,0.19047619047619047,0.0,0.0,0.047619047619047616,0.0,0.0,0.09523809523809523,0.0,0.23809523809523808,0.0,0.0
39.11764705882352,2.235294117647059,0.7088122605363983,4.0,1.0,0.7299808027053445,5.889705882352941,0.14583333333333331,0.16666666666666666,19.0,16.0,15.0,0.047619047619047616,0.0,0.0,0.0,0.0,0.14285714285714285,0.09523809523809523,0.047619047619047616,0.0,0.2857142857142857,0.0,0.0,0.047619047619047616,0.047619047619047616,0.0,0.09523809523809523,0.047619047619047616,0.14285714285714285,0.0,0.0
10.799999999999999,2.666666666666667,-0.15906288532675691,6.0,2.0,1.1352924243950933,2.5428571428571427,0.08222222222222222,0.07894736842105263,20.0,36.0,74.0,0.0,0.36363636363636365,0.0,0.0,0.09090909090909091,0.18181818181818182,0.0,0.09090909090909091,0.045454545454545456,0.0,0.0,0.0,0.045454545454545456,0.0,0.09090909090909091,0.0,0.045454545454545456,0.045454545454545456,0.0,0.0
26.058823529411764,2.1176470588235294,0.08949416342412461,4.0,1.0,0.7578881603955956,4.257352941176471,0.14444444444444446,0.12,18.0,23.0,34.0,0.0,0.3,0.0,0.0,0.0,0.05,0.05,0.0,0.05,0.1,0.0,0.1,0.0,0.05,0.1,0.15,0.0,0.0,0.05,0.0
21.882352941176475,2.1176470588235294,-0.05058365758754857,4.0,1.0,0.7578881603955956,3.735294117647059,0.0,0.0,18.0,25.0,39.0,0.0,0.0,0.0,0.0,0.0,0.25,0.0,0.15,0.05,0.25,0.0,0.05,0.05,0.0,0.0,0.05,0.05,0.1,0.0,0.0
63.63636363636364,1.9999999999999998,-0.047619047619048484,4.0,1.0,0.5222329678670935,7.0606060606060606,0.10833333333333335,0.12,22.0,23.0,25.0,125,0.08333333333333333,0.0,0.0,125,0.041666666666666664,0.0,0.041666666666666664,0.16666666666666666,0.20833333333333334,0.0,0.0,0.08333333333333333,0.0,0.0,0.041666666666666664,0.041666666666666664,0.041666666666666664,0.0,0.0
68.77777777777777,2.222222222222222,0.1316333563059958,6.0,1.0,0.8748897637790901,6.2905982905982905,0.05512820512820513,0.07692307692307693,30.0,37.0,50.0,0.21875,0.0,0.03125,0.03125,0.0,125,0.0,0.03125,125,0.09375,0.0,0.0625,0.03125,0.0625,0.0,0.0625,0.03125,0.0625,0.03125,0.0
23.142857142857142,2.2857142857142856,0.7132616487455197,4.0,1.0,0.9583148474999097,4.56043956043956,0.13888888888888887,0.1875,16.0,14.0,14.0,0.16666666666666666,0.0,0.0,0.0,0.0,0.05555555555555555,0.0,0.16666666666666666,0.05555555555555555,0.2777777777777778,0.05555555555555555,0.0,0.05555555555555555,0.0,0.0,0.16666666666666666,0.0,0.0,0.0,0.0
43.416666666666664,2.2499999999999996,-0.013513513513513573,4.0,1.0,0.82915619758885,4.77536231884058,0.0,0.0,27.0,32.0,46.0,0.0,0.20689655172413793,0.0,0.034482758620689655,0.0,0.1724137931034483,0.0,0.0,0.0,0.034482758620689655,0.0,0.06896551724137931,0.10344827586206896,0.0,0.034482758620689655,0.06896551724137931,0.13793103448275862,0.10344827586206896,0.034482758620689655,0.0
48.599999999999994,2.16,-0.02346570397111927,4.0,1.0,0.7310266752998826,5.05,0.0,0.0,27.0,34.0,54.0,0.034482758620689655,0.20689655172413793,0.0,0.034482758620689655,0.0,0.13793103448275862,0.0,0.034482758620689655,0.0,0.034482758620689655,0.0,0.034482758620689655,0.06896551724137931,0.0,0.034482758620689655,0.06896551724137931,0.1724137931034483,0.06896551724137931,0.034482758620689655,0.034482758620689655
55.26923076923077,2.153846153846154,0.08117443868739224,4.0,1.0,0.7174906963914472,5.421538461538462,0.0,0.0,28.0,33.0,45.0,0.03333333333333333,0.2,0.0,0.03333333333333333,0.0,0.1,0.0,0.13333333333333333,0.06666666666666667,0.0,0.0,0.03333333333333333,0.06666666666666667,0.0,0.03333333333333333,0.16666666666666666,0.0,0.06666666666666667,0.03333333333333333,0.03333333333333333
79.5,2.153846153846154,0.08117443868739224,4.0,1.0,0.7174906963914472,7.36,0.0,0.0,28.0,29.0,34.0,0.06666666666666667,0.2,0.0,0.03333333333333333,0.0,0.1,0.0,0.1,0.03333333333333333,0.03333333333333333,0.0,0.06666666666666667,0.06666666666666667,0.0,0.0,0.06666666666666667,0.06666666666666667,0.1,0.03333333333333333,0.03333333333333333
62.39285714285716,2.0714285714285716,-0.11036036036036033,4.0,1.0,0.5933302759227197,5.621693121693122,0.0,0.0,29.0,36.0,51.0,0.03225806451612903,0.1935483870967742,0.0,0.03225806451612903,0.06451612903225806,0.0967741935483871,0.0,0.06451612903225806,0.0967741935483871,0.03225806451612903,0.0,0.03225806451612903,0.06451612903225806,0.0,0.0,0.12903225806451613,0.06451612903225806,0.06451612903225806,0.0,0.03225806451612903
62.39285714285716,2.0714285714285716,-0.11036036036036033,4.0,1.0,0.5933302759227197,5.621693121693122,0.0,0.0,29.0,36.0,51.0,0.03225806451612903,0.1935483870967742,0.0,0.03225806451612903,0.0,0.06451612903225806,0.0,0.06451612903225806,0.0967741935483871,0.0967741935483871,0.0,0.03225806451612903,0.06451612903225806,0.0,0.0,0.0967741935483871,0.06451612903225806,0.0967741935483871,0.0,0.06451612903225806
96.57142857142857,2.071428571428571,0.4121621621621619,4.0,1.0,0.5933302759227197,8.153439153439153,0.0,0.0,29.0,30.0,35.0,0.03225806451612903,0.1935483870967742,0.0,0.03225806451612903,0.03225806451612903,0.0967741935483871,0.0,0.12903225806451613,0.0967741935483871,0.0,0.0,0.03225806451612903,0.06451612903225806,0.0,0.0,0.16129032258064516,0.0,0.0967741935483871,0.0,0.03225806451612903
39.75,2.3333333333333335,0.18170266836086388,4.0,1.0,0.8975274678557507,4.456521739130435,0.0,0.0,28.0,35.0,55.0,0.0,0.2,0.0,0.03333333333333333,0.03333333333333333,0.1,0.0,0.13333333333333333,0.03333333333333333,0.0,0.0,0.03333333333333333,0.06666666666666667,0.0,0.03333333333333333,0.2,0.0,0.1,0.0,0.03333333333333333
54.34615384615385,2.23076923076923,0.32650273224043747,4.0,1.0,0.7994080650317895,5.3476923076923075,0.0,0.0,29.0,32.0,43.0,0.03225806451612903,0.1935483870967742,0.0,0.03225806451612903,0.03225806451612903,0.0967741935483871,0.0,0.12903225806451613,0.06451612903225806,0.0,0.0,0.06451612903225806,0.06451612903225806,0.0,0.0,0.16129032258064516,0.0,0.0967741935483871,0.0,0.03225806451612903
48.51999999999999,2.32,0.33428981348637,4.0,1.0,0.78587530817554,5.043333333333333,0.0,0.0,29.0,34.0,49.0,0.03225806451612903,0.1935483870967742,0.0,0.03225806451612903,0.03225806451612903,0.0967741935483871,0.0,0.16129032258064516,0.06451612903225806,0.0,0.0,0.06451612903225806,0.06451612903225806,0.0,0.0,0.16129032258064516,0.0,0.06451612903225806,0.0,0.03225806451612903
55.26923076923077,2.153846153846154,0.08117443868739224,4.0,1.0,0.7174906963914472,5.421538461538462,0.0,0.0,28.0,33.0,45.0,0.03333333333333333,0.2,0.03333333333333333,0.03333333333333333,0.03333333333333333,0.06666666666666667,0.0,0.1,0.06666666666666667,0.03333333333333333,0.0,0.03333333333333333,0.06666666666666667,0.0,0.03333333333333333,0.13333333333333333,0.03333333333333333,0.06666666666666667,0.0,0.03333333333333333
15.0,1.8181818181818181,-0.11111111111111124,2.0,1.0,0.385694607919935,4.0,0.0,0.0,10.0,9.0,8.0,0.0,0.0,0.0,0.0,0.0,0.16666666666666666,0.08333333333333333,0.16666666666666666,0.08333333333333333,0.16666666666666666,0.08333333333333333,0.0,0.0,0.0,0.08333333333333333,0.08333333333333333,0.0,0.0,0.08333333333333333,0.0
10.6,2.0,-0.052631578947369716,3.0,1.0,0.4472135954999579,3.3555555555555556,0.0,0.0,10.0,11.0,10.0,0.0,0.0,0.0,0.0,0.0,0.08333333333333333,0.08333333333333333,0.08333333333333333,0.25,0.25,0.08333333333333333,0.0,0.0,0.0,0.0,0.08333333333333333,0.0,0.0,0.08333333333333333,0.0
11.454545454545453,2.0000000000000004,-0.09999999999999994,4.0,1.0,0.7385489458759964,3.290909090909091,0.24074074074074078,0.21428571428571427,11.0,12.0,14.0,0.07692307692307693,0.0,0.0,0.0,0.07692307692307693,0.15384615384615385,0.0,0.0,0.23076923076923078,0.3076923076923077,0.07692307692307693,0.0,0.0,0.0,0.0,0.0,0.0,0.07692307692307693,0.0,0.0
35.0,1.8749999999999998,-0.07142857142857194,2.0,1.0,0.33071891388307384,5.666666666666667,0.0,0.0,15.0,14.0,13.0,0.0,0.0,0.0,0.058823529411764705,0.0,0.11764705882352941,0.0,0.058823529411764705,0.058823529411764705,0.11764705882352941,0.23529411764705882,0.0,0.058823529411764705,0.0,0.17647058823529413,0.058823529411764705,0.058823529411764705,0.0,0.0,0.0
53.39999999999999,2.0799999999999996,-0.12468193384223869,4.0,1.0,0.6273754856543249,5.45,0.0,0.0,26.0,33.0,48.0,0.03571428571428571,0.21428571428571427,0.0,0.03571428571428571,0.10714285714285714,0.14285714285714285,0.0,0.07142857142857142,0.07142857142857142,0.03571428571428571,0.0,0.03571428571428571,0.03571428571428571,0.0,0.0,0.10714285714285714,0.0,0.07142857142857142,0.0,0.03571428571428571
58.81481481481481,2.1481481481481484,0.18377483443708564,4.0,1.0,0.7046776885348314,5.524216524216524,0.0,0.0,29.0,34.0,47.0,0.0,0.1935483870967742,0.03225806451612903,0.03225806451612903,0.03225806451612903,0.0967741935483871,0.0,0.0967741935483871,0.06451612903225806,0.03225806451612903,0.0,0.03225806451612903,0.06451612903225806,0.0,0.03225806451612903,0.12903225806451613,0.0,0.12903225806451613,0.0,0.03225806451612903
62.45454545454545,2.090909090909091,-0.14327485380116955,4.0,1.0,0.668042657122685,6.9480519480519485,0.0,0.0,23.0,22.0,23.0,0.0,0.24,0.0,0.04,0.12,0.08,0.0,0.0,0.16,0.04,0.0,0.0,0.08,0.0,0.0,0.08,0.08,0.0,0.0,0.08
46.76,2.16,0.36642599277978294,4.0,1.0,0.7310266752998826,4.8966666666666665,0.0,0.0,27.0,32.0,47.0,0.06896551724137931,0.20689655172413793,0.034482758620689655,0.034482758620689655,0.06896551724137931,0.13793103448275862,0.0,0.034482758620689655,0.0,0.0,0.0,0.06896551724137931,0.06896551724137931,0.0,0.034482758620689655,0.034482758620689655,0.1724137931034483,0.0,0.034482758620689655,0.0
52.222222222222236,2.2222222222222223,-0.17839607201309338,4.0,1.0,0.6849348892187752,5.017094017094017,0.05128205128205128,0.06976744186046512,30.0,41.0,60.0,0.0625,0.1875,0.0,0.03125,0.0,0.0625,0.0,0.09375,0.03125,0.03125,0.03125,125,0.09375,0.0,0.0,0.0625,0.0625,0.0625,0.03125,0.03125
46.62500000000001,2.166666666666667,0.05943152454780346,4.0,1.0,0.6236095644623235,5.054347826086956,0.0,0.0,26.0,30.0,40.0,0.07142857142857142,0.21428571428571427,0.0,0.03571428571428571,0.0,0.07142857142857142,0.0,0.14285714285714285,0.07142857142857142,0.0,0.0,0.03571428571428571,0.07142857142857142,0.0,0.0,0.07142857142857142,0.07142857142857142,0.07142857142857142,0.03571428571428571,0.03571428571428571
45.124999999999986,2.2499999999999996,0.22972972972972977,4.0,1.0,0.82915619758885,4.923913043478261,0.0,0.0,27.0,30.0,40.0,0.034482758620689655,0.20689655172413793,0.0,0.034482758620689655,0.0,0.06896551724137931,0.0,0.13793103448275862,0.034482758620689655,0.0,0.0,0.034482758620689655,0.06896551724137931,0.0,0.034482758620689655,0.13793103448275862,0.034482758620689655,0.10344827586206896,0.034482758620689655,0.034482758620689655
36.45833333333333,2.2499999999999996,0.08818011257035667,4.0,1.0,0.7216878364870323,4.170289855072464,0.0,0.0,27.0,40.0,71.0,0.0,0.20689655172413793,0.0,0.06896551724137931,0.034482758620689655,0.10344827586206896,0.0,0.034482758620689655,0.034482758620689655,0.034482758620689655,0.0,0.06896551724137931,0.06896551724137931,0.034482758620689655,0.034482758620689655,0.06896551724137931,0.034482758620689655,0.06896551724137931,0.0,0.10344827586206896
46.62500000000001,2.166666666666667,0.05943152454780346,4.0,1.0,0.6236095644623235,5.054347826086956,0.0,0.0,26.0,30.0,40.0,0.0,0.21428571428571427,0.03571428571428571,0.03571428571428571,0.03571428571428571,0.10714285714285714,0.0,0.10714285714285714,0.07142857142857142,0.0,0.03571428571428571,0.0,0.07142857142857142,0.0,0.0,0.14285714285714285,0.0,0.07142857142857142,0.03571428571428571,0.03571428571428571
12.0,1.8,-0.12499999999999943,2.0,1.0,0.4,3.6666666666666665,0.0,0.0,9.0,8.0,7.0,0.09090909090909091,0.0,0.0,0.0,0.18181818181818182,0.09090909090909091,0.0,0.0,0.18181818181818182,0.18181818181818182,0.0,0.0,0.0,0.0,0.0,0.09090909090909091,0.0,0.0,0.18181818181818182,0.0
6.0,2.0000000000000004,-0.1249999999999998,4.0,1.0,0.816496580927726,2.5,0.0,0.0,9.0,12.0,16.0,0.09090909090909091,0.0,0.0,0.0,0.18181818181818182,0.0,0.0,0.0,0.36363636363636365,0.18181818181818182,0.0,0.0,0.0,0.0,0.0,0.0,0.0,0.0,0.18181818181818182,0.0
29.818181818181813,2.1818181818181817,-0.052192066805844824,4.0,1.0,0.7767276132106848,3.83982683982684,0.0,0.0,24.0,35.0,62.0,0.11538461538461539,0.0,0.0,0.0,0.07692307692307693,0.0,0.038461538461538464,0.038461538461538464,0.2692307692307692,0.11538461538461539,0.0,0.0,0.0,0.0,0.0,0.15384615384615385,0.11538461538461539,0.038461538461538464,0.038461538461538464,0.0
25.523809523809522,2.2857142857142856,-0.14095079232693927,6.0,1.0,1.0753895038701156,3.552380952380952,0.0649122807017544,0.06976744186046512,24.0,41.0,83.0,0.038461538461538464,0.0,0.0,0.0,0.07692307692307693,0.0,0.038461538461538464,0.038461538461538464,0.2692307692307692,0.19230769230769232,0.0,0.0,0.0,0.0,0.0,0.15384615384615385,0.11538461538461539,0.038461538461538464,0.038461538461538464,0.0
58.66666666666667,2.3030303030303028,-0.2883288328832883,6.0,1.0,1.0866921864873398,4.666666666666667,0.0,0.0,38.0,69.0,145.0,0.05,75,0.05,25,0.1,0.0,0.0,0.0,0.0,75,25,175,0.05,0.0,0.05,0.15,0.0,0.05,25,0.1
21.153846153846153,2.0,-0.04000000000000018,3.0,1.0,0.3922322702763681,4.5256410256410255,0.19444444444444442,0.21428571428571427,13.0,12.0,11.0,0.06666666666666667,0.0,0.0,0.0,0.06666666666666667,0.06666666666666667,0.0,0.06666666666666667,0.3333333333333333,0.2,0.0,0.0,0.0,0.0,0.0,0.0,0.0,0.13333333333333333,0.06666666666666667,0.0
8.0,2.0,0.0,2.0,2.0,0.0,2.7777777777777777,0.0,0.0,10.0,10.0,10.0,0.25,0.16666666666666666,0.0,0.08333333333333333,0.08333333333333333,0.16666666666666666,0.08333333333333333,0.08333333333333333,0.0,0.0,0.0,0.0,0.0,0.0,0.0,0.08333333333333333,0.0,0.0,0.0,0.0
7.999999999999999,3.272727272727273,0.04761904761904747,4.0,2.0,0.8624393618641034,2.6,0.0,0.0,18.0,15.0,20.0,0.15,0.3,0.0,0.0,0.0,0.2,0.0,0.0,0.0,0.0,0.0,0.0,0.0,0.0,0.0,0.0,0.35,0.0,0.0,0.0
19.428571428571427,2.142857142857143,-0.2947882736156352,6.0,1.0,1.1248582677159729,3.989010989010989,0.3444444444444444,0.23076923076923078,15.0,22.0,31.0,0.17647058823529413,0.0,0.058823529411764705,0.0,0.058823529411764705,0.11764705882352941,0.058823529411764705,0.0,0.11764705882352941,0.0,0.0,0.0,0.058823529411764705,0.058823529411764705,0.058823529411764705,0.23529411764705882,0.0,0.0,0.0,0.0
21.666666666666668,2.1333333333333333,-0.18250377073906485,6.0,1.0,1.0873004286866725,4.095238095238095,0.31794871794871793,0.2222222222222222,16.0,23.0,36.0,0.16666666666666666,0.05555555555555555,0.0,0.0,0.0,0.1111111111111111,0.05555555555555555,0.0,0.1111111111111111,0.0,0.0,0.0,0.05555555555555555,0.0,0.05555555555555555,0.2222222222222222,0.0,0.0,0.16666666666666666,0.0
90.39393939393939,2.1212121212121215,-0.16047745358090196,4.0,1.0,0.6399609721800871,6.649621212121212,0.0,0.0,35.0,46.0,66.0,0.0,0.0,0.05405405405405406,0.08108108108108109,0.10810810810810811,0.05405405405405406,0.0,0.08108108108108109,0.16216216216216217,0.10810810810810811,0.0,0.02702702702702703,0.02702702702702703,0.02702702702702703,0.13513513513513514,0.05405405405405406,0.02702702702702703,0.05405405405405406,0.0,0.0
47.52380952380952,2.0952380952380953,-0.12820512820512817,4.0,1.0,0.5259695722470124,5.752380952380952,0.0,0.0,22.0,27.0,34.0,125,0.08333333333333333,0.0,0.0,0.08333333333333333,0.041666666666666664,0.0,0.041666666666666664,0.20833333333333334,125,0.0,0.0,0.041666666666666664,0.0,0.0,0.08333333333333333,0.041666666666666664,125,0.0,0.0
13.133333333333333,2.666666666666667,0.19439579684763622,5.0,1.0,1.1352924243950933,2.876190476190476,0.19047619047619047,0.16666666666666666,20.0,32.0,60.0,0.09090909090909091,0.0,0.0,0.0,0.13636363636363635,0.13636363636363635,0.0,0.09090909090909091,0.4090909090909091,0.09090909090909091,0.0,0.0,0.0,0.0,0.0,0.0,0.0,0.045454545454545456,0.0,0.0
20.5,2.444444444444444,-0.05446623093681941,4.0,1.0,0.8958064164776166,3.411764705882353,0.20588235294117646,0.17647058823529413,22.0,30.0,50.0,0.08333333333333333,0.0,0.0,0.0,0.041666666666666664,0.20833333333333334,0.0,0.08333333333333333,0.25,0.16666666666666666,0.0,0.0,0.0,0.0,0.0,0.0,0.08333333333333333,0.08333333333333333,0.0,0.0
12.0,1.8,-0.12499999999999943,2.0,1.0,0.4,3.6666666666666665,0.0,0.0,9.0,8.0,7.0,0.0,0.09090909090909091,0.0,0.09090909090909091,0.09090909090909091,0.09090909090909091,0.0,0.0,0.0,0.0,0.0,0.09090909090909091,0.18181818181818182,0.09090909090909091,0.09090909090909091,0.0,0.0,0.09090909090909091,0.0,0.09090909090909091
21.666666666666668,2.1333333333333333,-0.18250377073906485,6.0,1.0,1.0873004286866725,4.095238095238095,0.31794871794871793,0.2222222222222222,16.0,23.0,36.0,0.0,0.05555555555555555,0.05555555555555555,0.0,0.05555555555555555,0.1111111111111111,0.05555555555555555,0.0,0.1111111111111111,0.0,0.0,0.0,0.05555555555555555,0.05555555555555555,0.05555555555555555,0.2222222222222222,0.0,0.0,0.16666666666666666,0.0
10.0,2.2000000000000006,-0.19565217391304385,4.0,1.0,0.9797958971132713,3.2222222222222223,0.27083333333333337,0.23076923076923078,11.0,11.0,11.0,0.15384615384615385,0.0,0.0,0.0,0.07692307692307693,0.0,0.0,0.23076923076923078,0.07692307692307693,0.0,0.0,0.0,0.0,0.15384615384615385,0.07692307692307693,0.0,0.0,0.15384615384615385,0.0,0.07692307692307693
15.0,1.8181818181818181,-0.11111111111111124,2.0,1.0,0.385694607919935,4.0,0.0,0.0,10.0,9.0,8.0,0.08333333333333333,0.0,0.08333333333333333,0.0,0.16666666666666666,0.0,0.0,0.08333333333333333,0.16666666666666666,0.08333333333333333,0.0,0.0,0.0,0.0,0.08333333333333333,0.0,0.08333333333333333,0.08333333333333333,0.0,0.08333333333333333
15.0,1.8181818181818181,-0.11111111111111124,2.0,1.0,0.385694607919935,4.0,0.0,0.0,10.0,9.0,8.0,0.08333333333333333,0.0,0.08333333333333333,0.0,0.16666666666666666,0.0,0.0,0.08333333333333333,0.16666666666666666,0.08333333333333333,0.0,0.0,0.0,0.0,0.08333333333333333,0.0,0.08333333333333333,0.08333333333333333,0.0,0.08333333333333333
15.0,1.8181818181818181,-0.11111111111111124,2.0,1.0,0.385694607919935,4.0,0.0,0.0,10.0,9.0,8.0,0.08333333333333333,0.0,0.08333333333333333,0.0,0.16666666666666666,0.0,0.0,0.08333333333333333,0.16666666666666666,0.08333333333333333,0.0,0.0,0.0,0.0,0.08333333333333333,0.0,0.0,0.08333333333333333,0.0,0.16666666666666666
15.0,1.8181818181818181,-0.11111111111111124,2.0,1.0,0.385694607919935,4.0,0.0,0.0,10.0,9.0,8.0,0.0,0.0,0.08333333333333333,0.08333333333333333,0.0,0.08333333333333333,0.08333333333333333,0.0,0.0,0.16666666666666666,0.08333333333333333,0.0,0.0,0.0,0.0,0.08333333333333333,0.0,0.0,0.25,0.08333333333333333
9.1,2.0000000000000004,-0.35802469135802506,4.0,1.0,0.7745966692414834,3.022222222222222,0.0,0.0,10.0,13.0,15.0,0.0,0.0,0.0,0.0,0.0,0.0,0.4166666666666667,0.0,0.0,0.08333333333333333,0.08333333333333333,0.0,0.0,0.08333333333333333,0.0,0.0,0.08333333333333333,0.0,0.0,0.25
18.333333333333332,1.8333333333333333,-0.09999999999999826,2.0,1.0,0.3726779962499649,4.333333333333333,0.0,0.0,11.0,10.0,9.0,0.0,0.0,0.0,0.0,0.15384615384615385,0.07692307692307693,0.0,0.15384615384615385,0.07692307692307693,0.15384615384615385,0.0,0.07692307692307693,0.0,0.0,0.07692307692307693,0.07692307692307693,0.0,0.07692307692307693,0.0,0.07692307692307693
35.0,1.8749999999999998,-0.07142857142857194,2.0,1.0,0.33071891388307384,5.666666666666667,0.0,0.0,15.0,14.0,13.0,0.0,0.11764705882352941,0.0,0.058823529411764705,0.058823529411764705,0.17647058823529413,0.11764705882352941,0.0,0.0,0.058823529411764705,0.0,0.058823529411764705,0.0,0.0,0.058823529411764705,0.0,0.17647058823529413,0.0,0.058823529411764705,0.058823529411764705
22.0,2.0,0.15740740740740725,4.0,1.0,0.6793662204867574,4.666666666666667,0.0,0.0,13.0,11.0,10.0,0.13333333333333333,0.0,0.0,0.0,0.0,0.0,0.06666666666666667,0.06666666666666667,0.0,0.06666666666666667,0.0,0.0,0.13333333333333333,0.0,0.13333333333333333,0.2,0.0,0.0,0.13333333333333333,0.06666666666666667
15.857142857142858,2.285714285714286,0.1794871794871795,6.0,2.0,1.0301575072754254,3.4395604395604398,0.1547619047619048,0.15789473684210525,16.0,17.0,20.0,0.16666666666666666,0.05555555555555555,0.0,0.05555555555555555,0.0,0.16666666666666666,0.0,0.05555555555555555,0.05555555555555555,0.3333333333333333,0.0,0.0,0.0,0.0,0.05555555555555555,0.05555555555555555,0.0,0.0,0.0,0.0
49.86666666666667,2.3333333333333335,0.11918328584995268,6.0,1.0,1.0110500592068732,4.439080459770115,0.0,0.0,35.0,56.0,117.0,0.08108108108108109,0.05405405405405406,0.0,0.02702702702702703,0.02702702702702703,0.02702702702702703,0.02702702702702703,0.08108108108108109,0.05405405405405406,0.24324324324324326,0.05405405405405406,0.0,0.02702702702702703,0.0,0.05405405405405406,0.02702702702702703,0.05405405405405406,0.02702702702702703,0.10810810810810811,0.02702702702702703
32.45000000000001,2.3,0.009363295880150118,4.0,1.0,0.9,4.41578947368421,0.0,0.0,23.0,32.0,51.0,0.2,0.04,0.04,0.0,0.0,0.12,0.04,0.0,0.0,0.08,0.04,0.0,0.16,0.08,0.04,0.12,0.0,0.0,0.04,0.0
27.61111111111111,1.9999999999999998,-0.2941176470588241,4.0,1.0,0.5773502691896257,4.248366013071895,0.0,0.0,18.0,21.0,26.0,0.1,0.05,0.0,0.0,0.0,0.1,0.05,0.05,0.0,0.2,0.0,0.0,0.0,0.0,0.15,0.1,0.1,0.05,0.0,0.0
29.15789473684211,2.3157894736842106,0.139050791007494,6.0,1.0,1.1263649767911945,4.239766081871345,0.12745098039215688,0.1111111111111111,22.0,25.0,37.0,0.041666666666666664,0.0,125,0.0,0.0,0.0,0.08333333333333333,0.0,0.0,0.041666666666666664,0.0,0.2916666666666667,0.08333333333333333,0.0,125,0.16666666666666666,0.0,0.0,0.0,0.041666666666666664
117.64705882352942,2.0588235294117645,-0.08974358974358981,4.0,1.0,0.5391265523477459,8.130124777183601,0.0,0.0,35.0,42.0,57.0,0.02702702702702703,0.0,0.0,0.02702702702702703,0.05405405405405406,0.05405405405405406,0.0,0.08108108108108109,0.02702702702702703,0.16216216216216217,0.02702702702702703,0.02702702702702703,0.13513513513513514,0.05405405405405406,0.05405405405405406,0.08108108108108109,0.02702702702702703,0.10810810810810811,0.02702702702702703,0.02702702702702703
67.45454545454544,1.9999999999999998,-0.28042328042328124,4.0,1.0,0.5222329678670935,7.424242424242424,0.10833333333333335,0.12,22.0,23.0,23.0,0.041666666666666664,0.08333333333333333,0.0,0.0,0.08333333333333333,0.08333333333333333,0.0,0.08333333333333333,0.08333333333333333,0.16666666666666666,0.0,0.08333333333333333,0.08333333333333333,0.041666666666666664,0.041666666666666664,0.08333333333333333,0.0,0.0,0.041666666666666664,0.0
18.333333333333332,1.8333333333333333,-0.09999999999999826,2.0,1.0,0.3726779962499649,4.333333333333333,0.0,0.0,11.0,10.0,9.0,0.07692307692307693,0.0,0.0,0.0,0.0,0.0,0.0,0.07692307692307693,0.0,0.15384615384615385,0.07692307692307693,0.07692307692307693,0.0,0.07692307692307693,0.07692307692307693,0.15384615384615385,0.0,0.23076923076923078,0.0,0.0
51.0,1.8947368421052628,-0.058823529411764955,2.0,1.0,0.3068922049918579,6.666666666666667,0.0,0.0,18.0,17.0,16.0,0.05,0.0,0.05,0.0,0.1,0.0,0.0,0.05,0.05,0.15,0.0,0.0,0.05,0.15,0.2,0.0,0.0,0.15,0.0,0.0
65.27272727272725,1.9999999999999998,-0.023255813953487615,3.0,1.0,0.30151134457776363,7.216450216450217,0.0,0.0,22.0,23.0,25.0,0.08333333333333333,0.0,0.041666666666666664,0.0,0.041666666666666664,0.08333333333333333,0.041666666666666664,0.0,0.16666666666666666,0.16666666666666666,0.041666666666666664,0.0,0.08333333333333333,0.041666666666666664,0.041666666666666664,125,0.0,0.041666666666666664,0.0,0.0
36.705882352941174,2.0,-0.06250000000000008,4.0,1.0,0.5940885257860046,5.588235294117647,0.0,0.0,17.0,16.0,16.0,0.05263157894736842,0.0,0.0,0.0,0.10526315789473684,0.05263157894736842,0.0,0.0,0.15789473684210525,0.15789473684210525,0.0,0.10526315789473684,0.05263157894736842,0.0,0.05263157894736842,0.15789473684210525,0.10526315789473684,0.0,0.0,0.0
42.49999999999999,2.5000000000000004,0.28274967574578463,7.0,0.0,1.4015297764534702,6.076719576719577,0.10400000000000001,0.11764705882352941,35.0,47.0,79.0,0.08108108108108109,0.0,0.0,0.05405405405405406,0.02702702702702703,0.10810810810810811,0.0,0.05405405405405406,0.0,0.2972972972972973,0.0,0.0,0.16216216216216217,0.0,0.0,0.13513513513513514,0.02702702702702703,0.02702702702702703,0.02702702702702703,0.0
77.0,1.9130434782608694,-0.0476190476190514,2.0,1.0,0.28177133471338517,8.0,0.0,0.0,22.0,21.0,20.0,0.16666666666666666,0.041666666666666664,0.0,0.0,0.0,0.16666666666666666,0.0,0.041666666666666664,0.0,125,0.0,0.0,125,0.0,125,0.041666666666666664,0.0,0.08333333333333333,0.041666666666666664,0.041666666666666664
19.999999999999996,2.0,-0.03448275862068989,3.0,1.0,0.3651483716701107,3.857142857142857,0.0,0.0,15.0,16.0,18.0,0.11764705882352941,0.0,0.0,0.0,0.0,0.23529411764705882,0.0,0.058823529411764705,0.058823529411764705,0.17647058823529413,0.0,0.0,0.0,0.0,0.058823529411764705,0.11764705882352941,0.058823529411764705,0.11764705882352941,0.0,0.0
24.266666666666662,2.0,0.7466216216216216,5.0,0.0,0.9660917830792959,6.333333333333333,0.0,0.0,15.0,12.0,11.0,0.29411764705882354,0.0,0.0,0.0,0.0,0.0,0.0,0.058823529411764705,0.058823529411764705,0.11764705882352941,0.0,0.058823529411764705,0.0,0.058823529411764705,0.11764705882352941,0.11764705882352941,0.0,0.11764705882352941,0.0,0.0
39.36842105263158,1.9999999999999998,-0.055555555555555525,4.0,1.0,0.5619514869490163,5.374269005847953,0.0,0.0,19.0,22.0,29.0,0.14285714285714285,0.09523809523809523,0.09523809523809523,0.0,0.0,0.09523809523809523,0.0,0.047619047619047616,0.0,0.19047619047619047,0.0,0.09523809523809523,0.0,0.047619047619047616,0.047619047619047616,0.0,0.09523809523809523,0.047619047619047616,0.0,0.0
28.133333333333336,2.533333333333333,0.6468064823641563,8.0,1.0,1.6679994670929073,5.019047619047619,0.1282051282051282,0.17647058823529413,19.0,15.0,15.0,0.047619047619047616,0.0,0.0,0.0,0.047619047619047616,0.09523809523809523,0.0,0.09523809523809523,0.047619047619047616,0.38095238095238093,0.0,0.0,0.0,0.047619047619047616,0.0,0.047619047619047616,0.09523809523809523,0.09523809523809523,0.0,0.0
51.0,1.8947368421052628,-0.058823529411764955,2.0,1.0,0.3068922049918579,6.666666666666667,0.0,0.0,18.0,17.0,16.0,0.1,0.1,0.05,0.0,0.0,0.05,0.0,0.05,0.0,0.1,0.05,0.0,0.05,0.05,0.15,0.1,0.15,0.0,0.0,0.0
61.17241379310345,2.137931034482759,0.004587155963303114,4.0,1.0,0.6809799192459138,5.369458128078818,0.04938271604938271,0.07142857142857142,31.0,40.0,58.0,0.09090909090909091,0.06060606060606061,0.030303030303030304,0.0,0.030303030303030304,0.18181818181818182,0.030303030303030304,0.030303030303030304,0.0,0.0,0.0,0.030303030303030304,0.030303030303030304,0.030303030303030304,0.21212121212121213,0.09090909090909091,0.06060606060606061,0.030303030303030304,0.06060606060606061,0.0
42.45833333333333,2.083333333333333,-0.13031914893617022,4.0,1.0,0.6400954789890506,4.692028985507246,0.0,0.0,25.0,32.0,47.0,0.14814814814814814,0.0,0.0,0.0,0.0,0.037037037037037035,0.0,0.037037037037037035,0.07407407407407407,0.07407407407407407,0.0,0.037037037037037035,0.14814814814814814,0.1111111111111111,0.037037037037037035,0.07407407407407407,0.037037037037037035,0.1111111111111111,0.037037037037037035,0.037037037037037035
84.33333333333333,1.9999999999999998,0.42028985507246397,4.0,1.0,0.5,8.333333333333334,0.0,0.0,24.0,22.0,21.0,0.23076923076923078,0.0,0.0,0.038461538461538464,0.0,0.11538461538461539,0.038461538461538464,0.0,0.038461538461538464,0.15384615384615385,0.038461538461538464,0.0,0.07692307692307693,0.0,0.11538461538461539,0.038461538461538464,0.038461538461538464,0.038461538461538464,0.038461538461538464,0.0
51.0,1.8947368421052628,-0.058823529411764955,2.0,1.0,0.3068922049918579,6.666666666666667,0.0,0.0,18.0,17.0,16.0,0.2,0.0,0.05,0.1,0.0,0.05,0.05,0.05,0.0,0.05,0.0,0.05,0.1,0.0,0.1,0.1,0.0,0.1,0.0,0.0
12.0,2.0,0.13580246913580235,4.0,1.0,0.7745966692414834,3.6666666666666665,0.0,0.0,10.0,8.0,7.0,0.0,0.0,0.0,0.08333333333333333,0.08333333333333333,0.0,0.0,0.0,0.0,0.25,0.08333333333333333,0.08333333333333333,0.08333333333333333,0.0,0.0,0.08333333333333333,0.08333333333333333,0.08333333333333333,0.08333333333333333,0.0
22.0,1.846153846153846,-0.09090909090908907,2.0,1.0,0.36080121229411,4.666666666666667,0.0,0.0,12.0,11.0,10.0,0.07142857142857142,0.0,0.0,0.0,0.07142857142857142,0.07142857142857142,0.0,0.0,0.07142857142857142,0.0,0.0,0.07142857142857142,0.21428571428571427,0.07142857142857142,0.14285714285714285,0.07142857142857142,0.07142857142857142,0.0,0.0,0.07142857142857142
59.95652173913042,2.0,-0.04545454545454467,4.0,1.0,0.5107539184552492,6.450592885375494,0.0,0.0,23.0,26.0,33.0,0.04,0.08,0.0,0.04,0.04,0.12,0.04,0.0,0.04,0.08,0.0,0.0,0.16,0.04,0.08,0.08,0.04,0.12,0.0,0.0
35.0,1.8749999999999998,-0.07142857142857194,2.0,1.0,0.33071891388307384,5.666666666666667,0.0,0.0,15.0,14.0,13.0,0.058823529411764705,0.0,0.0,0.0,0.0,0.0,0.0,0.058823529411764705,0.11764705882352941,0.23529411764705882,0.0,0.058823529411764705,0.23529411764705882,0.058823529411764705,0.0,0.058823529411764705,0.058823529411764705,0.058823529411764705,0.0,0.0
18.333333333333332,1.8333333333333333,-0.09999999999999826,2.0,1.0,0.3726779962499649,4.333333333333333,0.0,0.0,11.0,10.0,9.0,0.0,0.07692307692307693,0.07692307692307693,0.07692307692307693,0.0,0.07692307692307693,0.0,0.0,0.07692307692307693,0.0,0.15384615384615385,0.0,0.0,0.15384615384615385,0.15384615384615385,0.15384615384615385,0.0,0.0,0.0,0.0
18.333333333333332,1.8333333333333333,-0.09999999999999826,2.0,1.0,0.3726779962499649,4.333333333333333,0.0,0.0,11.0,10.0,9.0,0.07692307692307693,0.07692307692307693,0.15384615384615385,0.0,0.0,0.0,0.0,0.15384615384615385,0.0,0.07692307692307693,0.0,0.0,0.23076923076923078,0.0,0.07692307692307693,0.0,0.07692307692307693,0.07692307692307693,0.0,0.0
18.333333333333332,1.8333333333333333,-0.09999999999999826,2.0,1.0,0.3726779962499649,4.333333333333333,0.0,0.0,11.0,10.0,9.0,0.0,0.0,0.0,0.0,0.0,0.23076923076923078,0.07692307692307693,0.0,0.0,0.23076923076923078,0.0,0.0,0.07692307692307693,0.07692307692307693,0.07692307692307693,0.0,0.07692307692307693,0.15384615384615385,0.0,0.0
47.08695652173913,2.7826086956521743,0.4036836403033586,8.0,2.0,1.559167050177488,5.280632411067193,0.0984848484848485,0.08823529411764706,32.0,32.0,47.0,0.029411764705882353,0.029411764705882353,0.0,0.0,0.029411764705882353,0.23529411764705882,0.0,0.029411764705882353,0.0,0.20588235294117646,0.0,0.0,0.17647058823529413,0.0,0.11764705882352941,0.0,0.029411764705882353,0.0,0.11764705882352941,0.0
105.49999999999999,2.1333333333333333,0.35353535353535354,4.0,1.0,0.5617433182117572,8.275862068965518,0.08045977011494251,0.08333333333333333,32.0,34.0,41.0,0.08823529411764706,0.0,0.058823529411764705,0.029411764705882353,0.058823529411764705,0.14705882352941177,0.029411764705882353,0.058823529411764705,0.0,0.0,0.0,0.029411764705882353,0.058823529411764705,0.029411764705882353,0.20588235294117646,0.08823529411764706,0.11764705882352941,0.0,0.0,0.0
86.52000000000001,1.9999999999999998,-0.041666666666667226,4.0,1.0,0.4898979485566356,8.21,0.09420289855072465,0.10714285714285714,25.0,26.0,28.0,0.037037037037037035,0.037037037037037035,0.07407407407407407,0.1111111111111111,0.037037037037037035,0.07407407407407407,0.0,0.0,0.037037037037037035,0.1111111111111111,0.0,0.07407407407407407,0.18518518518518517,0.1111111111111111,0.0,0.037037037037037035,0.037037037037037035,0.0,0.0,0.037037037037037035
29.300000000000004,2.1,-0.2954545454545453,4.0,1.0,0.7000000000000001,4.08421052631579,0.0,0.0,21.0,28.0,41.0,0.13043478260869565,0.0,0.0,0.043478260869565216,0.0,0.0,0.043478260869565216,0.0,0.043478260869565216,0.13043478260869565,0.043478260869565216,0.0,0.08695652173913043,0.08695652173913043,0.13043478260869565,0.13043478260869565,0.0,0.13043478260869565,0.0,0.0
84.25925925925927,2.0740740740740735,-0.11475409836065573,4.0,1.0,0.6040557937148181,7.481481481481482,0.0,0.0,28.0,31.0,39.0,0.06666666666666667,0.0,0.0,0.1,0.0,0.16666666666666666,0.0,0.03333333333333333,0.1,0.16666666666666666,0.03333333333333333,0.03333333333333333,0.1,0.06666666666666667,0.0,0.0,0.06666666666666667,0.03333333333333333,0.0,0.03333333333333333
57.095238095238095,1.9999999999999998,-0.04999999999999951,4.0,1.0,0.5345224838248488,6.70952380952381,0.11403508771929827,125,21.0,22.0,24.0,0.08695652173913043,0.043478260869565216,0.043478260869565216,0.043478260869565216,0.043478260869565216,0.13043478260869565,0.0,0.0,0.043478260869565216,0.08695652173913043,0.0,0.043478260869565216,0.17391304347826086,0.043478260869565216,0.0,0.08695652173913043,0.08695652173913043,0.0,0.0,0.043478260869565216
77.0,1.9130434782608694,-0.0476190476190514,2.0,1.0,0.28177133471338517,8.0,0.0,0.0,22.0,21.0,20.0,125,0.041666666666666664,0.08333333333333333,0.08333333333333333,0.0,0.0,0.041666666666666664,0.041666666666666664,125,125,0.041666666666666664,0.041666666666666664,0.0,0.041666666666666664,0.08333333333333333,0.041666666666666664,0.041666666666666664,0.0,0.0,0.041666666666666664
18.333333333333332,1.8333333333333333,-0.09999999999999826,2.0,1.0,0.3726779962499649,4.333333333333333,0.0,0.0,11.0,10.0,9.0,0.23076923076923078,0.0,0.0,0.07692307692307693,0.0,0.0,0.0,0.0,0.0,0.23076923076923078,0.0,0.0,0.15384615384615385,0.07692307692307693,0.07692307692307693,0.07692307692307693,0.0,0.07692307692307693,0.0,0.0
57.6923076923077,2.0769230769230766,0.14390243902439004,4.0,1.0,0.6153846153846153,5.615384615384615,0.0,0.0,27.0,29.0,36.0,0.0,0.06896551724137931,0.0,0.0,0.034482758620689655,0.1724137931034483,0.0,0.10344827586206896,0.034482758620689655,0.1724137931034483,0.06896551724137931,0.034482758620689655,0.034482758620689655,0.0,0.034482758620689655,0.06896551724137931,0.10344827586206896,0.034482758620689655,0.034482758620689655,0.0
83.51515151515152,2.0606060606060597,-0.09262759924385564,4.0,1.0,0.5471354571293269,6.21969696969697,0.0,0.0,34.0,41.0,56.0,0.05555555555555555,0.05555555555555555,0.027777777777777776,0.1388888888888889,0.027777777777777776,0.05555555555555555,0.0,0.027777777777777776,0.05555555555555555,0.08333333333333333,0.05555555555555555,0.05555555555555555,0.027777777777777776,0.027777777777777776,0.1388888888888889,0.05555555555555555,0.05555555555555555,0.05555555555555555,0.0,0.0
62.22222222222222,2.0740740740740735,-0.09803921568627481,4.0,1.0,0.46554833666579754,5.786324786324786,0.0,0.0,28.0,33.0,43.0,0.16666666666666666,0.03333333333333333,0.03333333333333333,0.0,0.03333333333333333,0.2,0.0,0.13333333333333333,0.03333333333333333,0.06666666666666667,0.03333333333333333,0.03333333333333333,0.0,0.0,0.03333333333333333,0.06666666666666667,0.0,0.13333333333333333,0.0,0.0
77.0,1.9130434782608694,-0.0476190476190514,2.0,1.0,0.28177133471338517,8.0,0.0,0.0,22.0,21.0,20.0,0.16666666666666666,0.0,0.08333333333333333,0.0,0.0,0.0,0.0,0.08333333333333333,0.08333333333333333,0.041666666666666664,0.0,0.08333333333333333,0.08333333333333333,0.08333333333333333,0.041666666666666664,0.041666666666666664,0.041666666666666664,125,0.0,0.041666666666666664
165.33333333333334,2.0,0.4270833333333335,4.0,1.0,0.4264014327112209,11.333333333333334,0.0,0.0,33.0,31.0,30.0,0.08571428571428572,0.0,0.0,0.02857142857142857,0.05714285714285714,0.05714285714285714,0.0,0.02857142857142857,0.08571428571428572,0.2,0.02857142857142857,0.0,0.11428571428571428,0.02857142857142857,0.02857142857142857,0.02857142857142857,0.05714285714285714,0.11428571428571428,0.02857142857142857,0.02857142857142857
18.333333333333332,1.8333333333333333,-0.09999999999999826,2.0,1.0,0.3726779962499649,4.333333333333333,0.0,0.0,11.0,10.0,9.0,0.23076923076923078,0.15384615384615385,0.0,0.0,0.07692307692307693,0.07692307692307693,0.07692307692307693,0.0,0.0,0.23076923076923078,0.0,0.0,0.07692307692307693,0.0,0.0,0.0,0.0,0.07692307692307693,0.0,0.0
56.33333333333333,2.0,-0.02127659574468421,3.0,1.0,0.28867513459481287,5.898550724637682,0.0,0.0,24.0,25.0,27.0,0.11538461538461539,0.0,0.07692307692307693,0.07692307692307693,0.0,0.038461538461538464,0.038461538461538464,0.11538461538461539,0.038461538461538464,0.07692307692307693,0.0,0.038461538461538464,0.0,0.11538461538461539,0.07692307692307693,0.038461538461538464,0.0,0.11538461538461539,0.0,0.038461538461538464
47.79166666666667,2.083333333333334,-0.11111111111111117,4.0,1.0,0.4930066485916347,5.155797101449275,0.0,0.0,25.0,30.0,40.0,0.037037037037037035,0.0,0.1111111111111111,0.1111111111111111,0.037037037037037035,0.14814814814814814,0.0,0.1111111111111111,0.037037037037037035,0.07407407407407407,0.0,0.0,0.037037037037037035,0.1111111111111111,0.14814814814814814,0.0,0.0,0.037037037037037035,0.0,0.0
33.52631578947368,1.9999999999999998,-0.055555555555555525,4.0,1.0,0.5619514869490163,4.7251461988304095,0.0,0.0,19.0,22.0,29.0,0.14285714285714285,0.0,0.0,0.047619047619047616,0.09523809523809523,0.0,0.0,0.09523809523809523,0.0,0.19047619047619047,0.047619047619047616,0.09523809523809523,0.047619047619047616,0.047619047619047616,0.0,0.0,0.047619047619047616,0.14285714285714285,0.0,0.0
23.533333333333335,1.9999999999999998,-0.3095238095238095,4.0,1.0,0.6324555320336759,4.3619047619047615,0.0,0.0,15.0,18.0,23.0,0.17647058823529413,0.058823529411764705,0.0,0.0,0.058823529411764705,0.058823529411764705,0.0,0.0,0.0,0.0,0.0,0.11764705882352941,0.0,0.058823529411764705,0.29411764705882354,0.0,0.11764705882352941,0.058823529411764705,0.0,0.0
26.0,1.857142857142857,-0.08333333333333542,2.0,1.0,0.3499271061118826,5.0,0.0,0.0,13.0,12.0,11.0,0.06666666666666667,0.0,0.0,0.0,0.06666666666666667,0.06666666666666667,0.0,0.06666666666666667,0.0,0.06666666666666667,0.0,0.0,0.06666666666666667,0.13333333333333333,0.13333333333333333,0.06666666666666667,0.06666666666666667,0.13333333333333333,0.06666666666666667,0.0
18.199999999999996,2.0,-0.3095238095238095,4.0,1.0,0.6324555320336759,3.6,0.0,0.0,15.0,18.0,23.0,0.0,0.058823529411764705,0.0,0.0,0.0,0.11764705882352941,0.0,0.0,0.0,0.17647058823529413,0.0,0.0,0.17647058823529413,0.058823529411764705,0.17647058823529413,0.17647058823529413,0.0,0.058823529411764705,0.0,0.0
90.92307692307692,1.9999999999999998,-0.01960784313725877,3.0,1.0,0.2773500981126146,8.273846153846154,0.0,0.0,26.0,27.0,29.0,0.07142857142857142,0.0,0.03571428571428571,0.07142857142857142,0.07142857142857142,0.10714285714285714,0.03571428571428571,0.0,0.0,0.07142857142857142,0.03571428571428571,0.07142857142857142,0.14285714285714285,0.0,0.07142857142857142,0.0,0.03571428571428571,0.14285714285714285,0.0,0.03571428571428571
109.45714285714284,2.1142857142857143,0.0335820895522384,4.0,1.0,0.6220440302022069,7.438655462184874,0.06565656565656566,0.0625,37.0,46.0,68.0,0.10256410256410256,0.0,0.02564102564102564,0.02564102564102564,0.05128205128205128,0.05128205128205128,0.02564102564102564,0.02564102564102564,0.0,0.10256410256410256,0.0,0.05128205128205128,0.1282051282051282,0.10256410256410256,0.02564102564102564,0.10256410256410256,0.07692307692307693,0.07692307692307693,0.0,0.02564102564102564
21.000000000000004,2.1333333333333337,0.5259259259259259,4.0,1.0,0.618241233033047,4.0,0.0,0.0,16.0,16.0,18.0,0.05555555555555555,0.2222222222222222,0.0,0.05555555555555555,0.0,0.16666666666666666,0.0,0.0,0.0,0.0,0.0,0.05555555555555555,0.1111111111111111,0.0,0.2222222222222222,0.0,0.05555555555555555,0.05555555555555555,0.0,0.0
57.0,1.9,-0.05555555555555271,2.0,1.0,0.3,7.0,0.0,0.0,19.0,18.0,17.0,0.047619047619047616,0.047619047619047616,0.0,0.09523809523809523,0.047619047619047616,0.0,0.047619047619047616,0.0,0.047619047619047616,0.047619047619047616,0.047619047619047616,0.09523809523809523,0.09523809523809523,0.047619047619047616,0.09523809523809523,0.09523809523809523,0.0,0.09523809523809523,0.047619047619047616,0.0
24.428571428571427,2.0,-0.03703703703703662,3.0,1.0,0.3779644730092272,4.758241758241758,0.0,0.0,14.0,15.0,14.0,125,0.0,0.0,0.0625,0.0625,125,0.0625,0.0,0.0,125,0.0,0.0,0.0625,0.0,125,0.0625,0.0,125,0.0625,0.0
86125,2.25,0.15294117647058755,4.0,1.0,0.7071067811865476,6.556451612903226,0.04301075268817204,0.06382978723404255,36.0,45.0,61.0,0.07894736842105263,0.0,0.02631578947368421,0.10526315789473684,0.0,0.05263157894736842,0.0,0.02631578947368421,0.02631578947368421,0.13157894736842105,0.02631578947368421,0.02631578947368421,0.05263157894736842,0.07894736842105263,0.18421052631578946,0.0,0.02631578947368421,0.13157894736842105,0.0,0.02631578947368421
125.06666666666666,1.9999999999999998,-0.034482758620690473,4.0,1.0,0.4472135954999579,9.62528735632184,0.0773809523809524,0.09090909090909091,30.0,31.0,33.0,0.1875,0.0,0.0625,125,0.0,0.0,0.0,0.0,0.03125,0.15625,0.0625,0.03125,0.03125,0.0625,0.09375,0.0625,0.03125,0.03125,0.0,0.03125
183.42857142857142,1.9999999999999998,-0.014492753623184577,3.0,1.0,0.23904572186687872,11.789915966386555,0.0,0.0,35.0,36.0,38.0,0.10810810810810811,0.02702702702702703,0.08108108108108109,0.0,0.02702702702702703,0.02702702702702703,0.02702702702702703,0.05405405405405406,0.05405405405405406,0.16216216216216217,0.0,0.05405405405405406,0.02702702702702703,0.10810810810810811,0.05405405405405406,0.02702702702702703,0.08108108108108109,0.08108108108108109,0.0,0.0
127.25806451612902,2.1290322580645165,0.5781249999999998,4.0,1.0,0.6595176871051895,9.483870967741936,0.028735632183908042,0.07894736842105263,33.0,36.0,41.0,0.08571428571428572,0.0,0.02857142857142857,0.0,0.05714285714285714,0.11428571428571428,0.02857142857142857,0.0,0.0,0.2,0.02857142857142857,0.02857142857142857,0.11428571428571428,0.14285714285714285,0.0,0.0,0.08571428571428572,0.05714285714285714,0.02857142857142857,0.0
51.0,1.9999999999999998,0.4135802469135803,4.0,1.0,0.5619514869490163,6.666666666666667,0.0,0.0,19.0,17.0,16.0,0.19047619047619047,0.0,0.047619047619047616,0.047619047619047616,0.047619047619047616,0.0,0.0,0.047619047619047616,0.0,0.047619047619047616,0.047619047619047616,0.047619047619047616,0.0,0.09523809523809523,0.09523809523809523,0.14285714285714285,0.0,0.14285714285714285,0.0,0.0
165.33333333333334,2.06060606060606,0.6786389413988657,4.0,1.0,0.5471354571293269,11.333333333333334,0.0,0.0,34.0,31.0,30.0,0.08333333333333333,0.05555555555555555,0.05555555555555555,0.05555555555555555,0.05555555555555555,0.08333333333333333,0.1111111111111111,0.0,0.08333333333333333,0.05555555555555555,0.027777777777777776,0.05555555555555555,0.05555555555555555,0.027777777777777776,0.05555555555555555,0.027777777777777776,0.08333333333333333,0.027777777777777776,0.0,0.0
54.478260869565226,2.0,-0.04545454545454467,4.0,1.0,0.5107539184552492,5.952569169960475,0.0,0.0,23.0,26.0,33.0,0.04,0.0,0.04,0.0,0.0,0.04,0.0,0.08,0.0,0.24,0.04,0.08,0.04,0.04,0.04,0.08,0.08,0.08,0.0,0.08
62.47619047619047,1.9999999999999998,-0.2833333333333331,4.0,1.0,0.5345224838248488,7.247619047619048,0.0,0.0,21.0,20.0,19.0,0.13043478260869565,0.0,0.0,0.0,0.043478260869565216,0.0,0.0,0.043478260869565216,0.043478260869565216,0.13043478260869565,0.08695652173913043,0.0,0.08695652173913043,0.08695652173913043,0.08695652173913043,0.043478260869565216,0.043478260869565216,0.17391304347826086,0.0,0.0
19.533333333333335,2.2666666666666666,0.6115591397849461,6.0,1.0,1.1813363431112902,3.7904761904761903,0.0,0.0,17.0,18.0,25.0,0.15789473684210525,0.10526315789473684,0.0,0.0,0.05263157894736842,0.05263157894736842,0.0,0.05263157894736842,0.0,0.3684210526315789,0.0,0.0,0.05263157894736842,0.0,0.05263157894736842,0.10526315789473684,0.0,0.0,0.0,0.0
89.84615384615385,2.0,-0.03999999999999971,4.0,1.0,0.4803844614152614,8.187692307692307,0.09027777777777779,0.10344827586206896,26.0,27.0,29.0,0.17857142857142858,0.0,0.03571428571428571,0.07142857142857142,0.0,0.10714285714285714,0.0,0.0,0.03571428571428571,0.10714285714285714,0.0,0.03571428571428571,0.14285714285714285,0.03571428571428571,0.0,0.10714285714285714,0.07142857142857142,0.03571428571428571,0.03571428571428571,0.0
40.0,1.8823529411764703,-0.06666666666666667,2.0,1.0,0.32218973970892123,6.0,0.0,0.0,16.0,15.0,14.0,0.1111111111111111,0.0,0.05555555555555555,0.05555555555555555,0.0,0.05555555555555555,0.0,0.05555555555555555,0.0,0.05555555555555555,0.0,0.0,0.1111111111111111,0.1111111111111111,0.1111111111111111,0.0,0.05555555555555555,0.1111111111111111,0.0,0.1111111111111111
40.666666666666664,2.2857142857142856,-0.060884070058382006,6.0,1.0,1.0753895038701158,5.066666666666666,0.1105263157894737,0.08571428571428572,24.0,33.0,53.0,0.15384615384615385,0.0,0.0,0.0,0.0,0.0,0.0,0.038461538461538464,0.0,0.038461538461538464,0.038461538461538464,0.0,0.11538461538461539,0.038461538461538464,0.15384615384615385,0.11538461538461539,0.19230769230769232,0.11538461538461539,0.0,0.0
179.5714285714286,2.0,-0.029411764705881804,4.0,1.0,0.4140393356054125,11.563025210084033,0.0,0.0,35.0,34.0,34.0,0.08108108108108109,0.0,0.02702702702702703,0.02702702702702703,0.0,0.02702702702702703,0.02702702702702703,0.05405405405405406,0.13513513513513514,0.05405405405405406,0.05405405405405406,0.08108108108108109,0.02702702702702703,0.08108108108108109,0.02702702702702703,0.08108108108108109,0.08108108108108109,0.05405405405405406,0.02702702702702703,0.05405405405405406
24.187499999999996,2.25,0.6179775280898879,6.0,1.0,1.14564392373896,4225,0.0,0.0,18.0,19.0,26.0,0.15,0.1,0.0,0.0,0.0,0.05,0.0,0.1,0.0,0.35,0.0,0.0,0.05,0.0,0.05,0.1,0.05,0.0,0.0,0.0
83.22222222222221,2.074074074074073,0.14754098360655724,4.0,1.0,0.6040557937148181,7.401709401709402,0.0,0.0,28.0,35.0,51.0,0.0,0.0,0.0,0.0,0.03333333333333333,0.13333333333333333,0.0,0.2,0.03333333333333333,0.13333333333333333,0.0,0.03333333333333333,0.16666666666666666,0.06666666666666667,0.06666666666666667,0.1,0.0,0.0,0.03333333333333333,0.0
45.65384615384616,2.2307692307692304,0.2764471057884233,5.0,0.0,0.9730085108210398,6.575384615384616,0.09420289855072465,0.07894736842105263,29.0,36.0,58.0,0.12903225806451613,0.03225806451612903,0.03225806451612903,0.0967741935483871,0.0,0.16129032258064516,0.0,0.0,0.0,0.1935483870967742,0.0,0.0,0.16129032258064516,0.0,0.03225806451612903,0.06451612903225806,0.03225806451612903,0.03225806451612903,0.03225806451612903,0.0
79.96428571428571,2.142857142857143,0.21568627450980368,4.0,1.0,0.5802884574739972,6.923280423280423,0.05555555555555555,0.07692307692307693,30.0,37.0,51.0,0.15625,0.0,0.0,0.03125,0.0625,0.0,0.03125,0.0,0.03125,0.09375,0.0625,0.0,0.1875,0.0625,0.09375,0.0625,0.03125,0.09375,0.0,0.0
81.64000000000001,2.2399999999999993,0.5385767790262173,6.0,1.0,0.9068627239003708,7.803333333333334,0.09027777777777779,0.0967741935483871,28.0,29.0,31.0,0.13333333333333333,0.06666666666666667,0.03333333333333333,0.03333333333333333,0.03333333333333333,0.13333333333333333,0.0,0.06666666666666667,0.0,0.2,0.03333333333333333,0.0,0.03333333333333333,0.13333333333333333,0.0,0.03333333333333333,0.0,0.06666666666666667,0.0,0.0
30.333333333333332,1.8666666666666665,-0.07692307692307783,2.0,1.0,0.33993463423951903,5.333333333333333,0.0,0.0,14.0,13.0,12.0,0.0625,0.0625,0.0,0.0,0.0625,125,0.0625,0.0,0.0,125,0.0,0.0,0.0625,0.0625,0.1875,0.0,0.0625,0.0625,0.0625,0.0
77.0,1.9130434782608694,-0.0476190476190514,2.0,1.0,0.28177133471338517,8.0,0.0,0.0,22.0,21.0,20.0,0.16666666666666666,0.0,0.041666666666666664,0.08333333333333333,0.0,0.0,0.08333333333333333,0.0,0.041666666666666664,125,0.0,0.041666666666666664,0.16666666666666666,0.08333333333333333,0.08333333333333333,0.041666666666666664,0.0,0.041666666666666664,0.0,0.0
88.38461538461539,2.0,-0.01960784313725877,3.0,1.0,0.2773500981126146,8.070769230769232,0.0,0.0,26.0,27.0,29.0,0.03571428571428571,0.03571428571428571,0.07142857142857142,0.0,0.0,0.07142857142857142,0.0,0.0,0.07142857142857142,0.10714285714285714,0.03571428571428571,0.10714285714285714,0.03571428571428571,0.07142857142857142,0.07142857142857142,0.10714285714285714,0.07142857142857142,0.10714285714285714,0.0,0.0
126.51612903225808,2.0645161290322576,0.41818181818181815,4.0,0.0,0.6689174630105718,11.369892473118279,0.05952380952380952,0.09375,32.0,30.0,30.0,0.17647058823529413,0.0,0.0,0.029411764705882353,0.029411764705882353,0.14705882352941177,0.029411764705882353,0.0,0.029411764705882353,0.14705882352941177,0.0,0.0,0.17647058823529413,0.058823529411764705,0.058823529411764705,0.0,0.058823529411764705,0.029411764705882353,0.0,0.029411764705882353
43.96000000000001,2.0799999999999996,-0.25699745547073766,4.0,1.0,0.6273754856543249,4.663333333333333,0.0,0.0,26.0,33.0,46.0,0.10714285714285714,0.03571428571428571,0.0,0.03571428571428571,0.0,0.07142857142857142,0.03571428571428571,0.0,0.0,0.10714285714285714,0.0,0.10714285714285714,0.03571428571428571,0.03571428571428571,0.03571428571428571,0.17857142857142858,0.14285714285714285,0.03571428571428571,0.03571428571428571,0.0
33.470588235294116,2.0,-0.06250000000000008,4.0,1.0,0.5940885257860046,5.1838235294117645,0.14444444444444446,0.15,17.0,18.0,20.0,0.10526315789473684,0.0,0.0,0.10526315789473684,0.0,0.10526315789473684,0.0,0.10526315789473684,0.0,0.10526315789473684,0.0,0.05263157894736842,0.10526315789473684,0.05263157894736842,0.05263157894736842,0.10526315789473684,0.0,0.10526315789473684,0.0,0.0
68.73913043478261,2.0,-0.2777777777777767,4.0,1.0,0.5107539184552492,7.24901185770751,0.0,0.0,23.0,26.0,31.0,0.08,0.04,0.0,0.08,0.0,0.16,0.04,0.0,0.0,0.08,0.0,0.0,0.08,0.08,0.12,0.08,0.08,0.08,0.0,0.0
38.42857142857143,1.9999999999999998,-0.04999999999999951,4.0,1.0,0.5345224838248488,4.8428571428571425,0.0,0.0,21.0,24.0,31.0,0.08695652173913043,0.043478260869565216,0.0,0.0,0.043478260869565216,0.08695652173913043,0.0,0.043478260869565216,0.043478260869565216,0.17391304347826086,0.0,0.043478260869565216,0.0,0.0,0.08695652173913043,0.08695652173913043,0.043478260869565216,0.17391304347826086,0.043478260869565216,0.0
30.421052631578945,3.263157894736842,0.5986561783021956,8.0,1.0,2.2441058531924045,4.380116959064328,0.196078431372549,0.24,31.0,42.0,79.0,0.2727272727272727,0.030303030303030304,0.0,0.0,0.0,0.09090909090909091,0.0,0.0,0.0,0.24242424242424243,0.0,0.0,0.15151515151515152,0.030303030303030304,0.12121212121212122,0.030303030303030304,0.0,0.030303030303030304,0.0,0.0
57.0,1.9,-0.05555555555555271,2.0,1.0,0.3,7.0,0.0,0.0,19.0,18.0,17.0,0.09523809523809523,0.047619047619047616,0.0,0.047619047619047616,0.0,0.0,0.0,0.047619047619047616,0.09523809523809523,0.14285714285714285,0.0,0.047619047619047616,0.047619047619047616,0.09523809523809523,0.047619047619047616,0.0,0.14285714285714285,0.14285714285714285,0.0,0.0
22.0,1.846153846153846,-0.09090909090908907,2.0,1.0,0.36080121229411,4.666666666666667,0.0,0.0,12.0,11.0,10.0,0.14285714285714285,0.07142857142857142,0.0,0.07142857142857142,0.0,0.0,0.0,0.0,0.07142857142857142,0.14285714285714285,0.07142857142857142,0.0,0.07142857142857142,0.07142857142857142,0.0,0.07142857142857142,0.0,0.14285714285714285,0.07142857142857142,0.0
22.266666666666662,2.1333333333333333,0.05185185185185185,4.0,1.0,0.618241233033047,4.180952380952381,0.0,0.0,16.0,17.0,21.0,0.0,0.0,0.0,0.05555555555555555,0.0,0.16666666666666666,0.05555555555555555,0.0,0.05555555555555555,0.2222222222222222,0.05555555555555555,0.1111111111111111,0.05555555555555555,0.0,0.0,0.05555555555555555,0.16666666666666666,0.0,0.0,0.0
96.2962962962963,1.9999999999999998,0.44897959183673497,4.0,0.0,0.6085806194501846,10.333333333333334,0.0,0.0,27.0,24.0,23.0,0.20689655172413793,0.0,0.10344827586206896,0.10344827586206896,0.0,0.0,0.0,0.0,0.034482758620689655,0.20689655172413793,0.0,0.0,0.10344827586206896,0.0,0.13793103448275862,0.0,0.06896551724137931,0.0,0.034482758620689655,0.0
106.64705882352939,2.1764705882352944,0.046391752577319055,4.0,2.0,0.5128116404165498,7.463458110516934,0.0,0.0,37.0,44.0,59.0,0.05128205128205128,0.0,0.0,0.0,0.07692307692307693,0.10256410256410256,0.02564102564102564,0.02564102564102564,0.07692307692307693,0.2564102564102564,0.0,0.02564102564102564,0.10256410256410256,0.0,0.02564102564102564,0.07692307692307693,0.02564102564102564,0.05128205128205128,0.0,0.07692307692307693
94.16129032258064,2.064516129032258,-0.09898989898989899,4.0,1.0,0.5642856672430938,7.27741935483871,0.0,0.0,32.0,39.0,54.0,0.0,0.0,0.029411764705882353,0.0,0.0,0.14705882352941177,0.0,0.11764705882352941,0.058823529411764705,0.17647058823529413,0.0,0.029411764705882353,0.14705882352941177,0.058823529411764705,0.058823529411764705,0.08823529411764706,0.029411764705882353,0.029411764705882353,0.029411764705882353,0.0
88.0,2.32258064516129,0.34060506277011726,8.0,1.0,1.2283505009457918,6.866666666666666,0.07241379310344827,0.12,36.0,46.0,77.0,0.2894736842105263,0.02631578947368421,0.05263157894736842,0.05263157894736842,0.05263157894736842,0.07894736842105263,0.0,0.0,0.05263157894736842,0.02631578947368421,0.02631578947368421,0.02631578947368421,0.13157894736842105,0.0,0.05263157894736842,0.02631578947368421,0.0,0.02631578947368421,0.0,0.07894736842105263
77.0,1.9130434782608694,-0.0476190476190514,2.0,1.0,0.28177133471338517,8.0,0.0,0.0,22.0,21.0,20.0,0.16666666666666666,0.041666666666666664,0.0,0.0,0.041666666666666664,0.041666666666666664,0.041666666666666664,0.041666666666666664,0.0,125,0.041666666666666664,0.0,0.041666666666666664,125,0.16666666666666666,0.041666666666666664,0.0,0.041666666666666664,0.041666666666666664,0.0
136.58823529411765,2.058823529411764,0.42307692307692313,4.0,1.0,0.5391265523477459,9.27807486631016,0.0,0.0,35.0,36.0,41.0,0.10810810810810811,0.0,0.10810810810810811,0.05405405405405406,0.0,0.02702702702702703,0.0,0.02702702702702703,0.0,0.05405405405405406,0.13513513513513514,0.02702702702702703,0.08108108108108109,0.02702702702702703,0.05405405405405406,0.10810810810810811,0.13513513513513514,0.05405405405405406,0.0,0.0
22.0,1.846153846153846,-0.09090909090908907,2.0,1.0,0.36080121229411,4.666666666666667,0.0,0.0,12.0,11.0,10.0,0.07142857142857142,0.07142857142857142,0.07142857142857142,0.0,0.07142857142857142,0.07142857142857142,0.0,0.07142857142857142,0.0,0.21428571428571427,0.0,0.0,0.07142857142857142,0.07142857142857142,0.0,0.07142857142857142,0.0,0.0,0.07142857142857142,0.07142857142857142
57.0,1.9,-0.05555555555555271,2.0,1.0,0.3,7.0,0.0,0.0,19.0,18.0,17.0,0.047619047619047616,0.047619047619047616,0.047619047619047616,0.0,0.047619047619047616,0.09523809523809523,0.0,0.047619047619047616,0.047619047619047616,0.14285714285714285,0.0,0.047619047619047616,0.09523809523809523,0.047619047619047616,0.09523809523809523,0.09523809523809523,0.0,0.0,0.09523809523809523,0.0
155.0,1.9374999999999996,-0.03333333333333843,2.0,1.0,0.24206145913796356,11.0,0.0,0.0,31.0,30.0,29.0,0.12121212121212122,0.030303030303030304,0.09090909090909091,0.06060606060606061,0.030303030303030304,0.12121212121212122,0.0,0.09090909090909091,0.12121212121212122,0.06060606060606061,0.030303030303030304,0.06060606060606061,0.030303030303030304,0.030303030303030304,0.030303030303030304,0.030303030303030304,0.030303030303030304,0.030303030303030304,0.0,0.0
155.0,1.9374999999999996,-0.03333333333333843,2.0,1.0,0.24206145913796356,11.0,0.0,0.0,31.0,30.0,29.0,0.030303030303030304,0.030303030303030304,0.0,0.0,0.030303030303030304,0.12121212121212122,0.0,0.06060606060606061,0.09090909090909091,0.18181818181818182,0.0,0.0,0.18181818181818182,0.030303030303030304,0.030303030303030304,0.030303030303030304,0.0,0.06060606060606061,0.12121212121212122,0.0
21.65,2.6000000000000005,0.056845830568458475,9.0,1.0,1.655294535724685,3.278947368421053,0.19172932330827067,0.16666666666666666,26.0,48.0,101.0,0.21428571428571427,0.0,0.03571428571428571,0.0,0.07142857142857142,0.07142857142857142,0.0,0.0,0.0,0.42857142857142855,0.0,0.0,0.07142857142857142,0.0,0.0,0.07142857142857142,0.03571428571428571,0.0,0.0,0.0
12.0,1.8,-0.12499999999999943,2.0,1.0,0.4,3.6666666666666665,0.0,0.0,9.0,8.0,7.0,0.09090909090909091,0.09090909090909091,0.0,0.0,0.09090909090909091,0.0,0.0,0.0,0.09090909090909091,0.36363636363636365,0.0,0.0,0.0,0.0,0.0,0.0,0.09090909090909091,0.09090909090909091,0.0,0.09090909090909091
15.75,2625,0.3547619047619047,12.0,1.0,2.496873044429772,3.1,0.0,0.0,21.0,25.0,46.0,0.43478260869565216,0.0,0.0,0.0,0.0,0.043478260869565216,0.043478260869565216,0.0,0.0,0.043478260869565216,0.0,0.0,0.043478260869565216,0.0,0.17391304347826086,0.043478260869565216,0.13043478260869565,0.043478260869565216,0.0,0.0
21.562500000000007,2.0,-0.06666666666666667,4.0,1.0,0.6123724356957945,3875,0.0,0.0,16.0,19.0,26.0,0.0,0.0,0.1111111111111111,0.1111111111111111,0.0,0.0,0.05555555555555555,0.1111111111111111,0.05555555555555555,0.2222222222222222,0.0,0.05555555555555555,0.0,0.05555555555555555,0.1111111111111111,0.0,0.1111111111111111,0.0,0.0,0.0
65.1290322580645,2.3225806451612905,0.5226337448559671,6.0,1.0,0.9963513039664839,5.341935483870968,0.0,0.0,36.0,44.0,72.0,0.23684210526315788,0.0,0.0,0.0,0.10526315789473684,0.05263157894736842,0.0,0.0,0.0,0.05263157894736842,0.02631578947368421,0.0,0.10526315789473684,0.10526315789473684,0.07894736842105263,0.07894736842105263,0.07894736842105263,0.05263157894736842,0.0,0.02631578947368421
27.4,2.1333333333333337,-0.21973094170403587,4.0,1.0,0.8055363982396381,4.914285714285715,0.0,0.0,16.0,15.0,16.0,0.2222222222222222,0.0,0.1111111111111111,0.0,0.0,0.05555555555555555,0.0,0.05555555555555555,0.0,0.0,0.05555555555555555,0.1111111111111111,0.16666666666666666,0.0,0.1111111111111111,0.1111111111111111,0.0,0.0,0.0,0.0
28.6,2.1999999999999997,0.25490196078431365,5.0,1.0,0.8124038404635961,4.010526315789473,0.0,0.0,22.0,26.0,38.0,0.08333333333333333,0.0,0.0,0.041666666666666664,0.0,0.041666666666666664,0.0,0.041666666666666664,0.0,0.4166666666666667,0.0,0.0,0.0,0.0,0.041666666666666664,0.041666666666666664,0.08333333333333333,125,0.041666666666666664,0.041666666666666664
78.48,1.9999999999999998,-0.041666666666667226,4.0,1.0,0.4898979485566356,7.54,0.0,0.0,25.0,28.0,32.0,0.2222222222222222,0.037037037037037035,0.037037037037037035,0.037037037037037035,0.0,0.1111111111111111,0.07407407407407407,0.037037037037037035,0.037037037037037035,0.07407407407407407,0.037037037037037035,0.0,0.07407407407407407,0.037037037037037035,0.07407407407407407,0.037037037037037035,0.037037037037037035,0.037037037037037035,0.0,0.0
80.96153846153845,2.076923076923077,-0.21224489795918355,4.0,1.0,0.4741856925360751,7.476923076923077,0.0,0.0,27.0,29.0,34.0,0.1724137931034483,0.06896551724137931,0.034482758620689655,0.0,0.034482758620689655,0.06896551724137931,0.0,0.034482758620689655,0.0,0.2413793103448276,0.0,0.0,0.10344827586206896,0.06896551724137931,0.034482758620689655,0.034482758620689655,0.0,0.06896551724137931,0.0,0.034482758620689655
35.739130434782595,2.5217391304347827,0.0566037735849059,6.0,1.0,1.0982026904621816,4.24901185770751,0.18181818181818182,0.15384615384615385,29.0,35.0,55.0,0.1935483870967742,0.03225806451612903,0.0,0.0,0.0,0.12903225806451613,0.0,0.03225806451612903,0.0,0.0967741935483871,0.0,0.0,0.12903225806451613,0.0,0.16129032258064516,0.0967741935483871,0.0,0.0967741935483871,0.03225806451612903,0.0
14.57142857142857,2.1428571428571432,0.1666666666666662,3.0,2.0,0.3499271061118826,3.241758241758242,0.0,0.0,15.0,18.0,24.0,0.0,0.058823529411764705,0.0,0.0,0.0,0.29411764705882354,0.0,0.0,0.0,0.17647058823529413,0.0,0.0,0.11764705882352941,0.11764705882352941,0.11764705882352941,0.0,0.0,0.058823529411764705,0.058823529411764705,0.0
44.826086956521735,2.0,-0.04545454545454467,4.0,1.0,0.5107539184552492,5.075098814229249,0.0,0.0,23.0,26.0,33.0,0.08,0.0,0.04,0.04,0.04,0.0,0.0,0.0,0.12,0.08,0.0,0.0,0.24,0.04,0.08,0.08,0.12,0.04,0.0,0.0
51.46153846153847,2.153846153846154,0.0732860520094565,4.0,1.0,0.6007884366082042,5.116923076923077,0.0,0.0,28.0,32.0,42.0,0.16666666666666666,0.0,0.06666666666666667,0.2,0.0,0.03333333333333333,0.03333333333333333,0.0,0.03333333333333333,0.06666666666666667,0.06666666666666667,0.06666666666666667,0.0,0.06666666666666667,0.06666666666666667,0.03333333333333333,0.03333333333333333,0.03333333333333333,0.0,0.03333333333333333
12.0,1.8,-0.12499999999999943,2.0,1.0,0.4,3.6666666666666665,0.0,0.0,9.0,8.0,7.0,0.0,0.0,0.18181818181818182,0.0,0.0,0.0,0.0,0.0,0.09090909090909091,0.09090909090909091,0.09090909090909091,0.18181818181818182,0.18181818181818182,0.09090909090909091,0.0,0.09090909090909091,0.0,0.0,0.0,0.0
77.0,2.0,0.41919191919191934,4.0,1.0,0.5107539184552492,8.0,0.0,0.0,23.0,21.0,20.0,0.08,0.04,0.0,0.04,0.08,0.04,0.0,0.04,0.0,0.2,0.0,0.0,0.04,0.04,0.08,0.0,0.12,0.16,0.04,0.0
63.74074074074071,1.9999999999999998,-0.03846153846153865,4.0,1.0,0.4714045207910317,5.903133903133903,0.0,0.0,27.0,30.0,37.0,0.10344827586206896,0.0,0.034482758620689655,0.06896551724137931,0.10344827586206896,0.034482758620689655,0.0,0.0,0.034482758620689655,0.3103448275862069,0.0,0.0,0.06896551724137931,0.06896551724137931,0.034482758620689655,0.0,0.10344827586206896,0.034482758620689655,0.0,0.0
20.599999999999998,2.1333333333333333,0.3542600896860987,4.0,1.0,0.805536398239638,3.942857142857143,0.0,0.0,16.0,17.0,22.0,0.0,0.0,0.0,0.1111111111111111,0.0,0.2222222222222222,0.05555555555555555,0.1111111111111111,0.0,0.1111111111111111,0.0,0.0,0.0,0.05555555555555555,0.2222222222222222,0.0,0.0,0.1111111111111111,0.0,0.0
27.375000000000004,2125,0.2120786516853933,6.0,1.0,1.0532687216470449,4.65,0.0,0.0,17.0,19.0,23.0,0.0,0.0,0.05263157894736842,0.0,0.10526315789473684,0.05263157894736842,0.05263157894736842,0.0,0.05263157894736842,0.3684210526315789,0.0,0.0,0.05263157894736842,0.0,0.05263157894736842,0.0,0.10526315789473684,0.05263157894736842,0.05263157894736842,0.0
26.33333333333333,2.476190476190476,0.07421707421707412,10.0,1.0,1.9178124348192638,3.6333333333333333,0.10776942355889724,0.07317073170731707,26.0,39.0,82.0,0.10714285714285714,0.0,0.0,0.0,0.0,0.03571428571428571,0.0,0.0,0.0,0.25,0.03571428571428571,0.0,0.07142857142857142,0.07142857142857142,0.0,0.07142857142857142,0.03571428571428571,0.2857142857142857,0.03571428571428571,0.0
77.0,1.9130434782608694,-0.0476190476190514,2.0,1.0,0.28177133471338517,8.0,0.0,0.0,22.0,21.0,20.0,0.08333333333333333,0.0,0.0,0.08333333333333333,0.041666666666666664,0.08333333333333333,0.041666666666666664,0.08333333333333333,0.041666666666666664,0.08333333333333333,125,0.041666666666666664,0.0,0.041666666666666664,0.041666666666666664,0.08333333333333333,0.08333333333333333,0.0,0.041666666666666664,0.0
40.0,1.8823529411764703,-0.06666666666666667,2.0,1.0,0.32218973970892123,6.0,0.0,0.0,16.0,15.0,14.0,0.05555555555555555,0.1111111111111111,0.0,0.0,0.05555555555555555,0.0,0.05555555555555555,0.16666666666666666,0.05555555555555555,0.1111111111111111,0.05555555555555555,0.0,0.0,0.0,0.16666666666666666,0.0,0.05555555555555555,0.05555555555555555,0.05555555555555555,0.0
58.67857142857144,2.3571428571428563,0.3040123456790126,6.0,1.0,1.0424656799518874,5.3465608465608465,0.0,0.0,33.0,46.0,85.0,0.14285714285714285,0.02857142857142857,0.05714285714285714,0.05714285714285714,0.0,0.0,0.02857142857142857,0.0,0.02857142857142857,0.22857142857142856,0.0,0.0,0.0,0.11428571428571428,0.08571428571428572,0.11428571428571428,0.08571428571428572,0.0,0.0,0.02857142857142857
41.666666666666664,2.166666666666667,-0.1304347826086959,4.0,1.0,0.7453559924999298,4.6231884057971016,0.0,0.0,26.0,37.0,62.0,0.21428571428571427,0.0,0.17857142857142858,0.0,0.0,0.03571428571428571,0.0,0.03571428571428571,0.14285714285714285,0.07142857142857142,0.0,0.10714285714285714,0.03571428571428571,0.03571428571428571,0.0,0.0,0.07142857142857142,0.07142857142857142,0.0,0.0
55.120000000000005,1.9999999999999998,-0.041666666666667226,4.0,1.0,0.4898979485566356,5.593333333333334,0.0,0.0,25.0,28.0,35.0,0.1111111111111111,0.0,0.07407407407407407,0.037037037037037035,0.0,0.07407407407407407,0.0,0.0,0.14814814814814814,0.1111111111111111,0.1111111111111111,0.0,0.0,0.14814814814814814,0.037037037037037035,0.037037037037037035,0.0,0.037037037037037035,0.037037037037037035,0.037037037037037035
65.63636363636363,1.9999999999999998,-0.047619047619048484,4.0,1.0,0.5222329678670935,7.251082251082251,0.0,0.0,22.0,21.0,21.0,0.0,0.0,0.08333333333333333,0.08333333333333333,0.0,0.0,0.0,125,0.0,125,0.08333333333333333,0.08333333333333333,0.041666666666666664,0.08333333333333333,0.041666666666666664,0.08333333333333333,0.041666666666666664,0.08333333333333333,0.041666666666666664,0.0
111.28571428571428,2.0714285714285716,0.15090090090090058,4.0,1.0,0.5933302759227196,9.243386243386244,0.0,0.0,29.0,27.0,27.0,0.12903225806451613,0.0,0.03225806451612903,0.0967741935483871,0.0,0.0967741935483871,0.0,0.03225806451612903,0.06451612903225806,0.1935483870967742,0.03225806451612903,0.0,0.0,0.06451612903225806,0.06451612903225806,0.06451612903225806,0.06451612903225806,0.06451612903225806,0.0,0.0
81.37037037037037,2.37037037037037,0.7900019301293186,12.0,1.0,1.9080365736875935,7.2592592592592595,0.0,0.0,32.0,28.0,30.0,0.29411764705882354,0.0,0.0,0.0,0.0,0.17647058823529413,0.0,0.029411764705882353,0.0,0.0,0.029411764705882353,0.0,0.08823529411764706,0.08823529411764706,0.058823529411764705,0.058823529411764705,0.08823529411764706,0.08823529411764706,0.0,0.0
82.03448275862071,1.9999999999999998,-0.03571428571428545,4.0,1.0,0.454858826147342,6.859605911330049,0.0,0.0,29.0,32.0,39.0,0.03225806451612903,0.03225806451612903,0.06451612903225806,0.0,0.06451612903225806,0.0967741935483871,0.03225806451612903,0.12903225806451613,0.0967741935483871,0.06451612903225806,0.06451612903225806,0.0,0.0,0.06451612903225806,0.0967741935483871,0.06451612903225806,0.03225806451612903,0.03225806451612903,0.0,0.03225806451612903
22.684210526315788,2.2105263157894735,-0.4141414141414142,4.0,1.0,0.6942582083301537,3.52046783625731,0.0,0.0,21.0,30.0,46.0,0.08695652173913043,0.0,0.13043478260869565,0.043478260869565216,0.0,0.0,0.17391304347826086,0.043478260869565216,0.043478260869565216,0.13043478260869565,0.043478260869565216,0.043478260869565216,0.0,0.0,0.08695652173913043,0.17391304347826086,0.0,0.0,0.0,0.0
15.0,1.8181818181818181,-0.11111111111111124,2.0,1.0,0.385694607919935,4.0,0.0,0.0,10.0,9.0,8.0,0.08333333333333333,0.08333333333333333,0.08333333333333333,0.0,0.08333333333333333,0.0,0.0,0.08333333333333333,0.08333333333333333,0.16666666666666666,0.0,0.08333333333333333,0.25,0.0,0.0,0.0,0.0,0.0,0.0,0.0
89.53846153846155,2.0769230769230766,0.40731707317073146,4.0,1.0,0.6153846153846153,8.163076923076924,0.0,0.0,27.0,28.0,33.0,0.034482758620689655,0.0,0.0,0.06896551724137931,0.0,0.13793103448275862,0.034482758620689655,0.06896551724137931,0.0,0.10344827586206896,0.0,0.10344827586206896,0.034482758620689655,0.13793103448275862,0.034482758620689655,0.06896551724137931,0.13793103448275862,0.034482758620689655,0.0,0.0
100.0,1.923076923076923,-0.04166666666666498,2.0,1.0,0.2664693550105965,9.0,0.0,0.0,25.0,24.0,23.0,0.07407407407407407,0.037037037037037035,0.0,0.07407407407407407,0.0,0.1111111111111111,0.0,0.07407407407407407,0.07407407407407407,0.18518518518518517,0.0,0.037037037037037035,0.037037037037037035,0.037037037037037035,0.07407407407407407,0.037037037037037035,0.037037037037037035,0.1111111111111111,0.0,0.0
100.0,1.923076923076923,-0.04166666666666498,2.0,1.0,0.2664693550105965,9.0,0.0,0.0,25.0,24.0,23.0,0.07407407407407407,0.0,0.0,0.14814814814814814,0.0,0.07407407407407407,0.037037037037037035,0.0,0.0,0.18518518518518517,0.037037037037037035,0.0,0.1111111111111111,0.0,0.07407407407407407,0.07407407407407407,0.07407407407407407,0.07407407407407407,0.037037037037037035,0.0
45.99999999999999,2.0,-0.023255813953487615,3.0,1.0,0.30151134457776363,5.380952380952381,0.0,0.0,22.0,23.0,25.0,125,0.0,0.041666666666666664,0.041666666666666664,0.041666666666666664,0.0,0.0,0.0,0.08333333333333333,0.08333333333333333,0.0,0.08333333333333333,0.0,0.16666666666666666,0.08333333333333333,125,0.041666666666666664,0.0,0.041666666666666664,0.041666666666666664
44.54545454545455,2.090909090909091,0.39473684210526305,4.0,1.0,0.668042657122685,5.242424242424242,0.0,0.0,23.0,24.0,29.0,0.12,0.0,0.0,0.04,0.04,0.0,0.04,0.12,0.08,0.2,0.0,0.0,0.08,0.04,0.08,0.0,0.04,0.04,0.04,0.04
46.791666666666664,2.083333333333333,0.0026595744680848127,4.0,1.0,0.6400954789890507,5.068840579710145,0.0,0.0,25.0,32.0,46.0,0.14814814814814814,0.07407407407407407,0.0,0.037037037037037035,0.1111111111111111,0.1111111111111111,0.037037037037037035,0.0,0.0,0.14814814814814814,0.0,0.07407407407407407,0.0,0.0,0.07407407407407407,0.0,0.0,0.14814814814814814,0.0,0.037037037037037035
33.31578947368421,2.0,-0.02702702702702457,3.0,1.0,0.3244428422615251,4.701754385964913,0.0,0.0,19.0,20.0,22.0,0.047619047619047616,0.0,0.047619047619047616,0.047619047619047616,0.14285714285714285,0.0,0.0,0.0,0.047619047619047616,0.09523809523809523,0.047619047619047616,0.09523809523809523,0.14285714285714285,0.0,0.14285714285714285,0.0,0.047619047619047616,0.047619047619047616,0.0,0.047619047619047616
57.0,1.9,-0.05555555555555271,2.0,1.0,0.3,7.0,0.0,0.0,19.0,18.0,17.0,0.047619047619047616,0.14285714285714285,0.0,0.0,0.0,0.047619047619047616,0.047619047619047616,0.047619047619047616,0.0,0.14285714285714285,0.0,0.09523809523809523,0.09523809523809523,0.0,0.09523809523809523,0.09523809523809523,0.0,0.0,0.047619047619047616,0.09523809523809523
32.62500000000001,2.7499999999999996,0.3921098865995847,10.0,1.0,2.4109126902482387,5.35,0.1547619047619048,0.15789473684210525,22.0,17.0,17.0,0.3333333333333333,0.0,0.0,0.041666666666666664,0.0,375,0.0,0.0,0.0,0.0,0.041666666666666664,0.041666666666666664,0.041666666666666664,0.0,0.0,0.041666666666666664,0.041666666666666664,0.041666666666666664,0.0,0.0
27.27777777777778,2.222222222222222,-0.0026385224274410464,4.0,1.0,0.8534606386520677,4.209150326797386,0.0,0.0,20.0,25.0,37.0,0.045454545454545456,0.0,0.13636363636363635,0.045454545454545456,0.0,0.18181818181818182,0.09090909090909091,0.0,0.0,0.13636363636363635,0.045454545454545456,0.0,0.0,0.045454545454545456,0.045454545454545456,0.22727272727272727,0.0,0.0,0.0,0.0
63.333333333333336,1.9999999999999998,0.41666666666666713,4.0,1.0,0.5345224838248488,7.333333333333333,0.0,0.0,21.0,19.0,18.0,0.17391304347826086,0.043478260869565216,0.043478260869565216,0.08695652173913043,0.08695652173913043,0.0,0.0,0.0,0.08695652173913043,0.043478260869565216,0.0,0.043478260869565216,0.0,0.17391304347826086,0.043478260869565216,0.0,0.043478260869565216,0.043478260869565216,0.043478260869565216,0.043478260869565216
23.812500000000004,1.9999999999999998,-0.06666666666666667,4.0,1.0,0.6123724356957945,4175,0.0,0.0,16.0,19.0,26.0,0.16666666666666666,0.0,0.0,0.1111111111111111,0.05555555555555555,0.0,0.05555555555555555,0.0,0.16666666666666666,0.1111111111111111,0.0,0.05555555555555555,0.05555555555555555,0.0,0.1111111111111111,0.0,0.0,0.05555555555555555,0.0,0.05555555555555555
45.23809523809524,2.0952380952380953,0.24137931034482746,6.0,1.0,0.9209085526577961,5.523809523809524,0.0,0.0,22.0,24.0,31.0,0.25,0.0,0.041666666666666664,0.041666666666666664,0.041666666666666664,0.041666666666666664,0.0,0.041666666666666664,0.041666666666666664,0.20833333333333334,0.041666666666666664,0.041666666666666664,0.041666666666666664,0.0,0.041666666666666664,0.041666666666666664,0.041666666666666664,0.0,0.0,0.041666666666666664
57.0,2.0999999999999996,0.6068281938325991,6.0,1.0,0.9433981132056605,7.0,0.0,0.0,21.0,18.0,17.0,0.08695652173913043,0.043478260869565216,0.0,0.0,0.0,0.043478260869565216,0.0,0.043478260869565216,0.043478260869565216,0.08695652173913043,0.13043478260869565,0.043478260869565216,0.043478260869565216,0.21739130434782608,0.08695652173913043,0.043478260869565216,0.08695652173913043,0.0,0.0,0.0
65.87096774193547,2.258064516129032,0.1535044422507401,6.0,1.0,0.9492863851330425,5.391397849462366,0.0,0.0,35.0,44.0,72.0,0.21621621621621623,0.02702702702702703,0.0,0.05405405405405406,0.08108108108108109,0.02702702702702703,0.0,0.0,0.08108108108108109,0.05405405405405406,0.02702702702702703,0.05405405405405406,0.02702702702702703,0.13513513513513514,0.05405405405405406,0.05405405405405406,0.02702702702702703,0.02702702702702703,0.0,0.05405405405405406
57.0,1.9999999999999998,0.4152046783625734,4.0,1.0,0.5477225575051661,7.0,0.0,0.0,20.0,18.0,17.0,0.13636363636363635,0.045454545454545456,0.13636363636363635,0.045454545454545456,0.045454545454545456,0.045454545454545456,0.0,0.045454545454545456,0.09090909090909091,0.045454545454545456,0.045454545454545456,0.0,0.0,0.18181818181818182,0.0,0.0,0.045454545454545456,0.0,0.0,0.09090909090909091
50.64,2.2399999999999993,0.31902718168812566,4.0,1.0,0.8138795979750323,5.22,0.0,0.0,28.0,31.0,42.0,0.13333333333333333,0.03333333333333333,0.03333333333333333,0.1,0.03333333333333333,0.03333333333333333,0.03333333333333333,0.06666666666666667,0.1,0.1,0.13333333333333333,0.1,0.0,0.0,0.0,0.06666666666666667,0.0,0.0,0.0,0.03333333333333333
24.947368421052627,2.526315789473684,0.5061728395061726,6.0,1.0,1.229823310057676,3.7719298245614037,0.0,0.0,24.0,28.0,50.0,0.07692307692307693,0.0,0.0,0.0,0.0,0.07692307692307693,0.038461538461538464,0.0,0.0,0.07692307692307693,0.0,0.0,0.2692307692307692,0.0,0.23076923076923078,0.15384615384615385,0.0,0.038461538461538464,0.0,0.038461538461538464
22.0,1.9999999999999998,0.3981481481481479,4.0,1.0,0.6793662204867574,4.666666666666667,0.0,0.0,13.0,11.0,10.0,0.13333333333333333,0.0,0.0,0.13333333333333333,0.0,0.0,0.0,0.0,0.0,0.2,0.06666666666666667,0.0,0.0,0.26666666666666666,0.13333333333333333,0.06666666666666667,0.0,0.0,0.0,0.0
39.00000000000001,2.4800000000000004,0.12864864864864908,4.0,1.0,0.8997777503361594,4.25,0.0,0.0,31.0,40.0,66.0,0.030303030303030304,0.0,0.12121212121212122,0.06060606060606061,0.0,0.030303030303030304,0.06060606060606061,0.06060606060606061,0.0,0.15151515151515152,0.0,0.0,0.24242424242424243,0.12121212121212122,0.0,0.030303030303030304,0.09090909090909091,0.0,0.0,0.0
100.0,1.923076923076923,-0.04166666666666498,2.0,1.0,0.2664693550105965,9.0,0.0,0.0,25.0,24.0,23.0,0.07407407407407407,0.07407407407407407,0.037037037037037035,0.14814814814814814,0.037037037037037035,0.037037037037037035,0.037037037037037035,0.1111111111111111,0.0,0.14814814814814814,0.0,0.1111111111111111,0.0,0.037037037037037035,0.1111111111111111,0.037037037037037035,0.0,0.0,0.0,0.0
70.25,2.642857142857143,0.6842614586082518,13.0,1.0,2.12492496866336,6.203703703703703,0.14814814814814814,0.15789473684210525,37.0,34.0,42.0,0.02564102564102564,0.0,0.0,0.05128205128205128,0.0,0.10256410256410256,0.02564102564102564,0.0,0.02564102564102564,0.15384615384615385,0.0,0.05128205128205128,0.07692307692307693,0.10256410256410256,0.28205128205128205,0.02564102564102564,0.05128205128205128,0.0,0.0,0.02564102564102564
57.51724137931034,2.2758620689655173,-0.26770708283313305,4.0,1.0,0.7379632606562999,5.108374384236453,0.0,0.0,33.0,41.0,59.0,0.02857142857142857,0.0,0.11428571428571428,0.05714285714285714,0.0,0.0,0.02857142857142857,0.05714285714285714,0.0,0.14285714285714285,0.0,0.05714285714285714,0.17142857142857143,0.11428571428571428,0.05714285714285714,0.08571428571428572,0.08571428571428572,0.0,0.0,0.0
32.588235294117645,2.823529411764706,0.432826928805481,12.0,1.0,2.4067379465269156,5.073529411764706,0.2,0.25,24.0,20.0,22.0,0.11538461538461539,0.0,0.0,0.0,0.0,0.07692307692307693,0.0,0.0,0.0,0.11538461538461539,0.0,0.038461538461538464,0.038461538461538464,0.15384615384615385,0.34615384615384615,0.0,0.038461538461538464,0.0,0.07692307692307693,0.0
116.09999999999998,2.2,0.3063063063063066,4.0,0.0,0.7483314773547883,10.940229885057471,0.08333333333333333,0.08823529411764706,33.0,32.0,34.0,0.02857142857142857,0.0,0.02857142857142857,0.08571428571428572,0.0,0.05714285714285714,0.05714285714285714,0.05714285714285714,0.02857142857142857,0.14285714285714285,0.0,0.02857142857142857,0.05714285714285714,0.08571428571428572,0.2,0.02857142857142857,0.08571428571428572,0.0,0.0,0.02857142857142857
65.44827586206897,2.137931034482759,0.19418960244648362,4.0,1.0,0.6809799192459138,5.674876847290641,0.0,0.0,31.0,36.0,49.0,0.09090909090909091,0.030303030303030304,0.12121212121212122,0.06060606060606061,0.0,0.0,0.0,0.09090909090909091,0.0,0.15151515151515152,0.0,0.06060606060606061,0.15151515151515152,0.09090909090909091,0.0,0.030303030303030304,0.12121212121212122,0.0,0.0,0.0
84.33333333333333,2.083333333333333,0.762357414448669,5.0,1.0,0.6400954789890506,8.333333333333334,0.0,0.0,25.0,22.0,21.0,0.037037037037037035,0.0,0.037037037037037035,0.0,0.037037037037037035,0.07407407407407407,0.07407407407407407,0.037037037037037035,0.0,0.1111111111111111,0.0,0.037037037037037035,0.1111111111111111,0.1111111111111111,0.18518518518518517,0.0,0.1111111111111111,0.0,0.0,0.037037037037037035
72.54838709677419,2.1290322580645165,0.20312500000000022,4.0,1.0,0.6595176871051895,5.836559139784947,0.0,0.0,33.0,38.0,51.0,0.08571428571428572,0.0,0.11428571428571428,0.08571428571428572,0.0,0.02857142857142857,0.0,0.05714285714285714,0.0,0.17142857142857143,0.0,0.02857142857142857,0.2,0.08571428571428572,0.0,0.02857142857142857,0.05714285714285714,0.05714285714285714,0.0,0.0
100.0,1.923076923076923,-0.04166666666666498,2.0,1.0,0.2664693550105965,9.0,0.0,0.0,25.0,24.0,23.0,0.07407407407407407,0.0,0.037037037037037035,0.037037037037037035,0.0,0.037037037037037035,0.037037037037037035,0.037037037037037035,0.0,0.18518518518518517,0.037037037037037035,0.07407407407407407,0.1111111111111111,0.07407407407407407,0.07407407407407407,0.0,0.07407407407407407,0.1111111111111111,0.0,0.0
84.33333333333333,1.9999999999999998,0.42028985507246397,4.0,1.0,0.5,8.333333333333334,0.0,0.0,24.0,22.0,21.0,0.038461538461538464,0.0,0.07692307692307693,0.038461538461538464,0.0,0.07692307692307693,0.038461538461538464,0.0,0.0,0.15384615384615385,0.0,0.038461538461538464,0.11538461538461539,0.07692307692307693,0.038461538461538464,0.19230769230769232,0.07692307692307693,0.038461538461538464,0.0,0.0
